url,num
career_development_guide,18
zeal_the_tom_dooley_story,19
seven_themes,20
three_key_questions,0
the_discipline_of_prayer,1
st_andre_bessette,21
one_life_changing_class,2
cultural_competence,3
father_greg_boyle,6
the_call,4
father_ted_fisher_of_men,5
family_and_hope,23
activate_irish_compass_account,7
learn_personal_finance,26
i_am_not_your_asian_stereotype,27
building_a_financial_future,33
week0_weekly_prompt_questions,25
prayer,29
capstone_instructions,8
integration3_instructions,9
building_a_bridge,10
Coursework,12
beloved_friends_and_allies,30
what_is_liberal_education,13
week0_weekly_prompt_questions,14
grit_the_power_of_passion,22
how_to_be_better_at_stress,32
heart_zeal_family,15
keyes_flourishing_scale,34
intro_to_the_career_development_process,11
black_domers,16
eportfolio_access_and_link_check,31
by_the_numbers,17
embracing_vulnerability,28
the_girl_next_door,24
