27|12,470
27|24,1
18|37.18.37.19,267
36|23.36,268
36|9,2
18|37.18.37.18.37.30,270
37|18.36.16,271
3|18.14,3
30|8,272
31|17.24,341
18|36.22,221
18|37.18.37.18.37.32,273
37|22,274
33|36.4,4
18|17,150
28|27,5
0|18.36,277
18|37.18,6
37|15,7
36|30,8
23|36.16,281
18|37.24,283
18|37.18.37.18.37.2,433
28|,284
18|37.11,285
16|18.36,9
8|18,10
0|,11
18|2.18.37,12
18|37.18.37.7,13
0|36,14
9|18.37.29,15
10|18,16
2|18.36.18.37.18,17
15|,18
36|34,287
9|36,20
21|18,21
32|36,290
23|18,291
18|37.18.37,23
37|18.37.28.27,24
17|,25
37|18.37.18.37,26
0|20,27
7|37,28
36|2.18.37,292
21|,293
5|18.36.18,229
20|18.37,29
28|27.36,294
18|37.18.37.18.37.34,355
18|37.18.37.33,30
36|31.17,31
28|27.12.24,356
33|4.18,32
36|7,33
37|31,34
18|30.8,296
8|13.18.37,35
0|18.37.32,36
8|13.18.36,275
23|24,38
18|14,39
18|36.29,40
14|18.36,498
36|13,300
12|18.37,301
22|,41
18|37.18.37.30,42
18|37.24.22,276
37|18.37.18.37.16,46
13|18.36,357
13|36.30,443
36|31,92
6|18,302
26|36.23,48
30|36,391
37|3,43
23|29,303
18|10.2.18,447
3|5,304
4|36,401
16|36,305
33|4.36,438
36|2,409
18|37.4,44
16|26.36,306
18|24.22,45
26|16.18,307
18|32,50
4|21,47
36|18.37.18,49
18|36.9,309
18|37.28.27,310
22|36.9,51
36|6.24,312
37|12,313
18|37.15,53
34|18.6,448
16|26,52
18|37.12,315
26|16,316
7|24,317
22|9.36,318
6|34,56
18|37,320
12|27,321
37|18.14,278
18|37.18.37.31,314
36|22,323
18|37.18.37.26,58
23|26.16,59
18|36.32,324
37|7,325
5|14,60
36|16.26.24,94
18|36.7,326
18|37.27,61
6|24,327
21|33,62
18|7,63
36|18.37.19,279
9|22,64
37|29,54
24|10,329
24|18.14,282
18|8,65
25|,331
24|,55
18|36.4,332
18|37.25,69
18|37.2,70
26|24.18,333
2|36,334
34|36,253
36|21.4,335
18|14.18.36,336
37|30,72
18|19,337
36|4,338
18|37.18.37.22,339
33|18,340
14|,74
18|37.18.37.34,342
30|13,75
36|12,343
30|24,76
26|,79
24|10.18,78
36|23.24,345
37|18.37.24,489
28|12.18,80
33|36.21,346
27|28,347
18|37.33,81
24|18.37.18.37.24,319
18|36.14,234
37|18.37.18.37.32,348
18|22,82
18|36.23,83
9|36.18,444
18|36.3,349
37|11,84
12|36,412
37|18.32,487
36|26,85
29|36.18,86
37|18.37.26,298
26|16.23,352
24|30.18,57
36|14,353
18|21,429
37|18.37.30,89
26|23.24,90
18|37.18.37.24,467
10|2,91
7|36,138
36|30.8,201
23|18.37.18,280
18|36.24,358
23|18.36.18,359
12|24,93
36|21.24,404
36|28,95
18|37.20,360
18|37.22,361
37|26,199
18|37.18.37.20,415
18|36.8,354
34|,362
36|6.18,364
25|18.37,365
18|37.19,96
36|29,490
18|37.18.37.18.37.16,97
30|8.13.24,269
18|5,367
37|18.36,99
32|31.18,98
18|36.20,101
14|18.37.24,141
33|21,369
6|18.14,185
18|36.21,103
17|24,104
24|16,371
37|18.37.18.37.30,105
8|36,366
37|13,372
5|24,373
2|36.24,374
36|17,106
22|24,107
8|13.24,476
4|18.37.18.37.34,376
18|20,108
24|33,109
37|,110
36|9.22,368
31|32,308
24|32,112
5|18.37.18.36,379
16|23,381
37|18,113
36|20,455
10|18.36.18,114
2|24,383
18|26,384
6|18.36,286
18|36.18.37.29,115
5|36.18,187
2|18,100
24|18.37.18.37,116
18|37.18.37.18.37,386
18|2,102
18|34,387
2|,117
37|18.37.20,388
21|4,389
37|28,328
22|9,351
18|37.18.37.23,288
18|28,118
18|37.16,119
5|3.18,392
37|18.37.23,120
11|0.36,121
14|24,122
16|26.18,395
17|18.37.24,396
37|23,397
18|,398
37|18.37.7,123
37|2,124
18|37.29,370
23|,125
31|17,126
10|36.2,127
34|24.18,192
5|18.14,399
18|36.34,451
27|18.37,128
18|37.18.14,129
36|18,400
36|5,130
37|17,131
37|18.37.19,482
32|31.17.24,132
37|8,402
24|34,481
18|30,133
11|18.37.18,403
18|37.0,195
18|11,405
18|16,134
18|24.18.37.18.37,407
36|0,22
2|18.37.18.37.18.37,330
4|36.21,135
26|18,483
37|18.37.18.37.34,136
24|20,410
12|18,137
19|24,414
24|36,411
6|14,66
24|2,163
37|25,413
18|37.18.37.28.27,139
11|0.24,140
0|11,142
8|30,143
26|36,144
18|37.8,145
22|9.18.36,146
7|,147
15|24,416
36|6,417
36|3,148
36|27.12,67
21|24,68
13|30,419
11|36,418
18|37.18.37.16,149
16|,377
18|36.10,344
13|36,474
12|18.36,152
24|18.37.18,153
18|36.28,154
19|,71
33|21.18,420
10|2.18,155
24|7,423
37|18.37.31,378
37|18.37,156
18|9,157
18|37.18.37.2,158
11|,425
37|18.37.16,159
27|12.24,161
31|36.17,162
17|18,428
25|15,164
28|18.37.18,111
36|32,457
37|34,165
18|37.28,167
13|18.37,453
18|29,380
18|37.3,168
8|13.36.30,266
4|24,169
37|18.37.32,486
18|36.2,289
37|32,432
6|,170
26|36.18,382
5|10,171
36|25.15,406
36|23,172
24|6,151
18|36.26,73
18|36.16,173
31|18.36,434
18|37.7,435
22|18.37.18.37,174
8|13.30,436
18|37.23,175
23|18.37.33,176
36|16,0
25|7,177
20|,437
22|9.24,178
36|5.18.14,439
17|18.36,322
36|33,311
34|18.37,179
0|24,440
18|6,180
36|24,181
36|30.24,441
30|18,442
10|,385
34|6.36,445
23|36,475
3|18,182
34|24,421
24|18.36,183
18|0,184
36|4.36.21,485
2|10.18,422
16|24,186
20|11.0.24,188
9|24,189
13|,190
16|23.18,19
27|,449
3|,408
22|18,191
36|15,194
37|18.37.18.37.2,193
37|18.37.33,196
24|22,197
4|18,456
18|37.31,198
18|37.18.36,254
23|16,465
6|36,501
36|10,200
36|8,202
37|33,203
36|19,452
31|18,204
29|,77
27|36,454
37|4,424
21|18.36,205
37|0,295
5|,206
4|,207
10|5,426
24|28,208
18|36.6.18,209
18|36.18.37.19,297
16|26.24,210
18|37.5,211
17|36,458
18|23,459
4|18.36,212
24|18,460
24|18.37.24,214
28|36,215
37|16,461
24|5,227
32|18,492
37|18.37.34,216
11|0.18.37.32,213
6|24.18.37.18,217
15|36,218
18|33,463
37|9,37
16|18,160
26|24,219
27|12.18.37,220
18|37.34,466
37|24.22,299
18|4,87
3|36,468
37|10,469
3|5.18.14,222
30|18.36,223
33|4.21,390
36|27,224
20|36.11,471
8|13.18.30,225
18|36.30,472
18|36.11,88
37|5,226
18|37.13,228
12|28,230
36|18.37.29,231
12|,232
18|36,473
2|18.37,233
11|0.18.36,235
15|25,393
18|37.10,236
6|18.37.24,462
18|36.19,237
36|6.34,375
10|24,446
24|18.2,427
18|37.26,238
32|17.18,477
7|15,239
17|31,166
16|26.24.18,240
18|37.9,241
18|37.18.37.32,478
18|37.32,242
13|18.30,243
16|26.23.24,479
18|37.18.32,480
18|12,244
30|,245
36|11,246
8|,247
18|36.18,430
26|23,248
9|,249
9|18.36,394
36|21.36.4,484
15|18.36,431
33|,363
31|,497
24|30,250
3|18.37.18.37,488
32|,251
37|28.27,252
18|3.5,350
37|20,255
37|27,450
18|37.30,491
18|36.5,256
18|36.33,464
21|36.4,257
18|36.18.37.18,493
7|18,494
13|8,258
18|37.18.36.16,259
37|18.37.2,260
36|21,261
18|37.17,495
37|19,496
5|18.37.18.37.18.37,499
37|24,262
36|,263
13|24,500
24|3,264
37|18.37.22,265
