number,farest
1,651
2,101
3,651
4,651
5,714
6,763
7,101
8,651
9,305
10,651
11,651
12,238
13,651
14,651
15,651
16,651
17,651
18,101
19,651
20,238
21,786
22,763
23,651
24,651
25,651
26,885
27,698
28,875
29,651
30,651
31,651
32,238
33,101
34,763
35,101
36,101
37,788
38,651
39,541
40,41
41,40
42,763
43,439
44,305
45,763
46,763
47,763
48,651
49,448
50,651
51,101
52,651
53,651
54,305
55,651
56,651
57,101
58,651
59,763
60,651
61,651
62,698
63,651
64,698
65,651
66,305
67,763
68,651
69,101
70,651
71,651
72,651
73,448
74,763
75,651
76,651
77,651
78,651
79,651
80,651
81,651
82,651
83,651
84,651
85,238
86,698
87,816
88,763
89,651
90,651
91,698
92,763
93,651
94,651
95,555
96,651
97,651
98,572
99,558
100,231
101,478
102,651
103,763
104,101
105,227
106,652
107,651
108,651
109,651
110,136
111,763
112,763
113,478
114,763
115,651
116,305
117,651
118,698
119,763
120,763
121,305
122,651
123,651
124,651
125,933
126,763
127,253
128,651
129,763
130,347
131,101
132,101
133,763
134,651
135,651
136,110
137,763
138,101
139,763
140,763
141,651
142,651
143,651
144,651
145,651
146,651
147,651
148,448
149,651
150,763
151,478
152,651
153,651
154,416
155,651
156,651
157,698
158,651
159,651
160,651
161,651
162,651
163,698
164,651
165,101
166,110
167,763
168,698
169,449
170,763
171,547
172,101
173,651
174,763
175,101
176,651
177,763
178,651
179,651
180,651
181,461
182,714
183,651
184,238
185,651
186,651
187,763
188,698
189,651
190,101
191,651
192,651
193,651
194,872
195,784
196,651
197,698
198,698
199,651
200,763
201,651
202,651
203,698
204,651
205,651
206,651
207,651
208,651
209,651
210,651
211,651
212,763
213,101
214,698
215,651
216,651
217,763
218,698
219,763
220,698
221,763
222,763
223,651
224,698
225,698
226,651
227,651
228,698
229,651
230,651
231,101
232,448
233,651
234,651
235,763
236,763
237,651
238,651
239,714
240,449
241,651
242,101
243,698
244,651
245,921
246,651
247,357
248,651
249,698
250,651
251,651
252,651
253,305
254,651
255,763
256,651
257,357
258,651
259,101
260,698
261,101
262,784
263,651
264,698
265,302
266,305
267,394
268,651
269,651
270,651
271,698
272,651
273,698
274,698
275,652
276,763
277,698
278,763
279,651
280,651
281,651
282,763
283,651
284,651
285,677
286,547
287,541
288,101
289,651
290,651
291,807
292,763
293,651
294,651
295,101
296,698
297,651
298,651
299,784
300,651
301,110
302,420
303,651
304,651
305,488
306,101
307,651
308,698
309,698
310,651
311,651
312,394
313,698
314,449
315,651
316,101
317,651
318,651
319,651
320,651
321,651
322,698
323,101
324,449
325,357
326,763
327,651
328,651
329,651
330,110
331,302
332,101
333,763
334,763
335,763
336,16
337,651
338,651
339,651
340,651
341,698
342,449
343,651
344,651
345,651
346,16
347,651
348,651
349,305
350,763
351,651
352,113
353,698
354,651
355,651
356,651
357,651
358,651
359,651
360,698
361,651
362,698
363,651
364,651
365,347
366,763
367,101
368,763
369,651
370,651
371,763
372,651
373,651
374,651
375,698
376,651
377,555
378,714
379,763
380,651
381,651
382,651
383,651
384,784
385,763
386,651
387,478
388,651
389,651
390,651
391,651
392,101
393,651
394,651
395,784
396,541
397,698
398,651
399,350
400,651
401,698
402,651
403,651
404,41
405,698
406,651
407,238
408,698
409,651
410,651
411,651
412,714
413,416
414,231
415,101
416,698
417,651
418,763
419,698
420,302
421,651
422,651
423,933
424,651
425,651
426,698
427,763
428,784
429,305
430,227
431,238
432,357
433,763
434,651
435,698
436,837
437,651
438,651
439,448
440,66
441,110
442,698
443,101
444,651
445,651
446,651
447,651
448,439
449,788
450,698
451,651
452,651
453,394
454,651
455,698
456,651
457,763
458,651
459,651
460,763
461,651
462,651
463,651
464,788
465,872
466,651
467,651
468,651
469,253
470,763
471,651
472,763
473,651
474,253
475,651
476,101
477,698
478,651
479,698
480,651
481,763
482,788
483,651
484,651
485,305
486,651
487,651
488,305
489,698
490,698
491,448
492,651
493,651
494,763
495,449
496,305
497,651
498,651
499,651
500,457
501,698
502,101
503,651
504,430
505,651
506,763
507,651
508,651
509,651
510,698
511,651
512,651
513,253
514,651
515,763
516,110
517,698
518,698
519,651
520,763
521,763
522,651
523,763
524,651
525,763
526,651
527,651
528,651
529,651
530,572
531,651
532,933
533,651
534,238
535,714
536,698
537,651
538,541
539,651
540,698
541,651
542,784
543,783
544,651
545,651
546,651
547,350
548,651
549,651
550,101
551,651
552,651
553,651
554,101
555,651
556,651
557,651
558,448
559,763
560,651
561,698
562,305
563,238
564,110
565,651
566,651
567,448
568,763
569,698
570,778
571,763
572,651
573,651
574,651
575,651
576,763
577,651
578,651
579,651
580,763
581,253
582,448
583,651
584,651
585,651
586,651
587,698
588,651
589,651
590,651
591,101
592,651
593,651
594,651
595,651
596,651
597,253
598,763
599,651
600,651
601,651
602,357
603,253
604,651
605,714
606,651
607,651
608,651
609,651
610,347
611,101
612,763
613,651
614,651
615,763
616,651
617,651
618,448
619,651
620,651
621,651
622,698
623,547
624,651
625,651
626,763
627,698
628,101
629,357
630,651
631,305
632,253
633,651
634,238
635,763
636,101
637,651
638,651
639,651
640,698
641,698
642,651
643,651
644,651
645,763
646,449
647,41
648,651
649,763
650,651
651,446
652,305
653,651
654,651
655,253
656,651
657,651
658,651
659,110
660,651
661,651
662,101
663,651
664,651
665,651
666,651
667,101
668,651
669,763
670,763
671,651
672,461
673,651
674,651
675,110
676,887
677,284
678,651
679,651
680,698
681,933
682,651
683,651
684,651
685,651
686,651
687,651
688,651
689,101
690,784
691,305
692,651
693,651
694,763
695,253
696,238
697,698
698,416
699,449
700,651
701,357
702,651
703,651
704,651
705,651
706,651
707,651
708,651
709,651
710,101
711,763
712,651
713,763
714,887
715,763
716,763
717,763
718,763
719,651
720,651
721,305
722,784
723,763
724,238
725,555
726,651
727,651
728,651
729,651
730,101
731,101
732,763
733,651
734,651
735,887
736,698
737,763
738,698
739,651
740,698
741,763
742,872
743,651
744,253
745,651
746,698
747,651
748,253
749,651
750,714
751,41
752,763
753,651
754,651
755,651
756,651
757,651
758,651
759,651
760,763
761,651
762,294
763,350
764,357
765,651
766,763
767,763
768,101
769,885
770,651
771,763
772,253
773,651
774,763
775,698
776,652
777,651
778,305
779,651
780,763
781,651
782,714
783,725
784,651
785,698
786,227
787,651
788,449
789,101
790,347
791,698
792,763
793,651
794,698
795,651
796,698
797,651
798,651
799,651
800,651
801,763
802,651
803,763
804,651
805,763
806,651
807,350
808,651
809,763
810,651
811,784
812,784
813,763
814,651
815,784
816,872
817,449
818,698
819,651
820,677
821,763
822,253
823,651
824,698
825,651
826,763
827,933
828,651
829,651
830,101
831,698
832,698
833,651
834,651
835,763
836,651
837,448
838,698
839,651
840,305
841,547
842,651
843,305
844,651
845,651
846,651
847,651
848,41
849,651
850,698
851,651
852,763
853,238
854,651
855,101
856,763
857,921
858,651
859,651
860,763
861,651
862,305
863,651
864,651
865,698
866,651
867,698
868,698
869,763
870,651
871,698
872,461
873,651
874,763
875,651
876,651
877,449
878,714
879,651
880,253
881,651
882,651
883,651
884,347
885,652
886,478
887,714
888,651
889,763
890,651
891,763
892,651
893,698
894,763
895,763
896,651
897,105
898,698
899,714
900,698
901,231
902,238
903,714
904,430
905,651
906,110
907,651
908,651
909,305
910,238
911,110
912,101
913,253
914,698
915,763
916,651
917,651
918,651
919,347
920,651
921,347
922,763
923,651
924,763
925,698
926,651
927,651
928,651
929,651
930,651
931,651
932,763
933,253
934,763
