36|2 10|36.2 0.20909090909090908
36|2 24|36 0.1
36|2 18|36.2 0.6909090909090909
37|18.37.31 18|37.18.37.31 1.0
37|18.37.34 18|37.18.37.34 1.0
33|21.18 37|33 1.0
24|18.37.24 36|24 0.48717948717948717
24|18.37.24 37|24 0.5128205128205128
23|18.36.18 36|23 0.6071428571428571
23|18.36.18 26|23 0.39285714285714285
23|18.37.18 16|23.18 0.1743119266055046
23|18.37.18 26|23 0.6146788990825688
23|18.37.18 36|23 0.21100917431192662
37|18.37.23 18|37.18.37.23 1.0
37|18.37.18.37.16 18|37.18.37.18.37.16 1.0
18|16 36|18 0.2777777777777778
18|16 37|18 0.7222222222222222
36|7 18|36.7 1.0
16|26.24 37|16 0.2972972972972973
16|26.24 23|16 0.43243243243243246
16|26.24 36|16.26.24 0.2702702702702703
36|8 18|36.8 0.8333333333333334
36|8 30|36 0.16666666666666666
18|37.18.37.30 37|18.37.18.37.30 1.0
8|18 30|8 0.3125
8|18 37|8 0.3125
8|18 13|8 0.375
36|16 18|36.16 0.7078651685393258
36|16 23|36.16 0.29213483146067415
2|36 36|2 0.3333333333333333
2|36 10|2 0.1388888888888889
2|36 37|2 0.5277777777777778
30|18.36 37|30 0.5454545454545454
30|18.36 36|30 0.45454545454545453
18|37.0 37|18.37 0.7872340425531915
18|37.0 11| 0.2127659574468085
36|21.36.4 33|36.21 1.0
37|18.37.28.27 18|37.18.37.28.27 1.0
24|20 36|24 0.2857142857142857
24|20 37|24 0.7142857142857143
37|18.37.33 18|37.18.37.33 1.0
3|18.37.18.37 37|3 0.5
3|18.37.18.37 5|3.18 0.5
11|36 20| 0.32608695652173914
11|36 36|11 0.21739130434782608
11|36 37|11 0.45652173913043476
30|36 37|30 1.0
37|5 18|37.5 1.0
36|6.18 34|36 0.65
36|6.18 18|36.6.18 0.35
16|26.36 37|16 1.0
18|37.23 36|18 0.14705882352941177
18|37.23 29| 0.19852941176470587
18|37.23 37|18.37.23 0.6544117647058824
18|36.23 37|18.36 0.8
18|36.23 16|18.36 0.2
37|18 18|37.18 1.0
37|9 18|37.9 1.0
33|36.21 37|33 1.0
4|18 37|4 0.10869565217391304
4|18 18|4 0.08074534161490683
4|18 33|4.18 0.15527950310559005
4|18 21|4 0.4503105590062112
4|18 24| 0.046583850931677016
4|18 36|4 0.15838509316770186
18| 36|18 0.1124195087049845
18| 32|18 0.0011924636298592892
18| 25| 0.0016098259003100406
18| 3|18 0.005276651562127355
18| 17|18 0.009241593131409492
18| 13| 0.007274028142141665
18| 2|18 0.011686143572621035
18| 6|18 0.009867636537085618
18| 22|18 0.004471738611972335
18| 11| 0.002414738850465061
18| 28| 0.00253398521345099
18| 16|18 0.002653231576436919
18| 0| 0.010195564035296924
18| 37|18 0.5751252086811353
18| 5| 0.012341998569043644
18| 4|18 0.010076317672310995
18| 29| 0.031182923920820414
18| 20| 0.002027188170760792
18| 34| 0.0053660863343668016
18| 33|18 0.0020569997615072742
18| 12|18 0.009629143811113761
18| 15| 0.00494872406391605
18| 8|18 0.0016992606725494872
18| 14| 0.015531838778917242
18| 10|18 0.0066181731457190555
18| 19| 0.02909611256856666
18| 31|18 0.0039053183877891724
18| 9| 0.012401621750536608
18| 7|18 0.002146434533746721
18| 26|18 0.0051275936083949435
18| 27| 0.0022358693059861675
18| 23|18 0.009509897448127832
18| 21|18 0.0076317672310994514
18| 30|18 0.00667779632721202
18| 24|18 0.06382661578821847
6|36 36|6 0.36538461538461536
6|36 34|6.36 0.36538461538461536
6|36 37| 0.2692307692307692
18|6 34|18.6 1.0
0|24 11|0.24 1.0
18|36.9 37|18.36 1.0
27|28 37|27 1.0
37|16 18|37.16 1.0
37| 7|37 0.0006175698625907056
37| 25| 0.0005789717461787865
37| 19| 0.0004245792805311101
37| 4| 0.0004245792805311101
37| 18|37 0.9965647676393392
37| 17| 0.0005403736297668674
37| 24| 0.0004631773969430292
37| 9| 0.000385981164119191
17|18.36 37|17 0.35714285714285715
17|18.36 31|17 0.6428571428571429
36|18.37.19 18|36.18.37.19 1.0
33|36.4 21|33 0.3548387096774194
33|36.4 36|33 0.3225806451612903
33|36.4 37|33 0.3225806451612903
18|37.3 5| 0.12371134020618557
18|37.3 37|18.37 0.6391752577319587
18|37.3 14| 0.12371134020618557
18|37.3 36|18 0.1134020618556701
19| 36|19 0.21469465648854963
19| 15| 0.011450381679389313
19| 37|19 0.6469465648854962
19| 24| 0.015267175572519083
19| 29| 0.015267175572519083
19| 18|19 0.09637404580152671
6| 34| 0.379073756432247
6| 37| 0.2109777015437393
6| 4| 0.022298456260720412
6| 36|6 0.2727272727272727
6| 18|6 0.07890222984562607
6| 24|6 0.036020583190394515
13|18.37 30|13 0.06962025316455696
13|18.37 8|13.18.37 0.8607594936708861
13|18.37 18| 0.06962025316455696
18|36.18.37.29 36|18 0.25
18|36.18.37.29 37|18.36 0.53125
18|36.18.37.29 29| 0.21875
31|18 32|31.18 0.22321428571428573
31|18 36|31 0.21428571428571427
31|18 37|31 0.38392857142857145
31|18 17|31 0.17857142857142858
27|12.18.37 28|27 0.9328859060402684
27|12.18.37 36|27.12 0.06711409395973154
37|22 18|37.22 1.0
33| 24|33 0.08966861598440545
33| 21|33 0.1111111111111111
33| 18|33 0.13060428849902533
33| 36|33 0.16374269005847952
33| 4| 0.042884990253411304
33| 37|33 0.4619883040935672
37|18.37.18.37.32 18|37.18.37.18.37.32 1.0
7|15 37|7 1.0
37|18.37.32 18|37.18.37.32 1.0
7|24 37|7 1.0
24|3 36|24 0.3333333333333333
24|3 37|24 0.6666666666666666
37|27 18|37.27 1.0
37|11 18|37.11 1.0
22|9.24 36|22 0.24390243902439024
22|9.24 37|22 0.7560975609756098
23|36 36|23.36 0.27848101265822783
23|36 26|23 0.17721518987341772
23|36 37|23 0.5443037974683544
18|36.18.37.19 37|18.36 0.5423728813559322
18|36.18.37.19 36|18 0.23728813559322035
18|36.18.37.19 19| 0.22033898305084745
18|37.7 37|18.37.7 0.6896551724137931
18|37.7 36|18 0.06896551724137931
18|37.7 19| 0.2413793103448276
36|30.24 13|36.30 1.0
5| 21| 0.037900874635568516
5| 18|5 0.07871720116618076
5| 9| 0.014577259475218658
5| 36|5 0.22011661807580174
5| 37|5 0.25510204081632654
5| 14| 0.01749271137026239
5| 3|5 0.22886297376093295
5| 10|5 0.06268221574344024
5| 24|5 0.08454810495626822
18|37.13 37|18.37 1.0
18|37.31 17|18 0.19402985074626866
18|37.31 37|18.37.31 0.8059701492537313
36|23.24 26|36.23 1.0
28|12.18 27|28 1.0
13| 8| 0.7259713701431493
13| 30|13 0.049079754601226995
13| 37|13 0.081799591002045
13| 36|13 0.065439672801636
13| 18| 0.053169734151329244
13| 24| 0.024539877300613498
24|28 36|24 0.2127659574468085
24|28 37|24 0.7872340425531915
36|9.22 18|36.9 1.0
18|37.18.37 24|18.37.18.37 0.06564536719747363
18|37.18.37 23|18.37.18 0.007592555264395619
18|37.18.37 25|18.37 0.0010750520728347779
18|37.18.37 17|18 0.008667607337230397
18|37.18.37 11|18.37.18 0.0018141503729086877
18|37.18.37 37|18.37.18.37 0.6267553584626755
18|37.18.37 6|18 0.006987838473426057
18|37.18.37 27|18.37 0.0014110058455956461
18|37.18.37 36|18.37.18 0.09514210844587785
18|37.18.37 3|18.37.18.37 0.0036283007458173754
18|37.18.37 28|18.37.18 0.001948531882013035
18|37.18.37 22|18.37.18.37 0.0030907747093999864
18|37.18.37 16|18 0.0014110058455956461
18|37.18.37 0| 0.010078613182826043
18|37.18.37 5| 0.007659746018947792
18|37.18.37 4|18 0.0109520929920043
18|37.18.37 34|18.37 0.0032923469730565076
18|37.18.37 29| 0.03151246388496943
18|37.18.37 2|18.37 0.0066518847006651885
18|37.18.37 15| 0.004233017536786938
18|37.18.37 14| 0.015386682792447759
18|37.18.37 10|18 0.003023583954847813
18|37.18.37 21|18 0.005240878855069542
18|37.18.37 13|18.37 0.0077269367734999666
18|37.18.37 19| 0.029631122757508566
18|37.18.37 31|18 0.003225156218504334
18|37.18.37 12|18.37 0.010616139219243433
18|37.18.37 9| 0.011758382046630383
18|37.18.37 7|18 0.0017469596183565142
18|37.18.37 26|18 0.003695491500369549
18|37.18.37 20|18.37 0.0013438150910434724
18|37.18.37 30|18 0.00705502922797823
18|36.18.37.18 21|18.36 0.011187072715972654
18|36.18.37.18 4|18.36 0.00870105655686762
18|36.18.37.18 22|18 0.00870105655686762
18|36.18.37.18 23|18.36.18 0.013673088875077687
18|36.18.37.18 17|18.36 0.013673088875077687
18|36.18.37.18 29| 0.044126786824114354
18|36.18.37.18 24|18.36 0.060907395898073334
18|36.18.37.18 37|18.36 0.5133623368551895
18|36.18.37.18 14|18.36 0.01740211311373524
18|36.18.37.18 6|18.36 0.01740211311373524
18|36.18.37.18 5|18.36.18 0.009322560596643879
18|36.18.37.18 19| 0.044126786824114354
18|36.18.37.18 13|18.36 0.006215040397762586
18|36.18.37.18 0|18.36 0.00870105655686762
18|36.18.37.18 36|18 0.14791796146674954
18|36.18.37.18 26|18 0.006215040397762586
18|36.18.37.18 9|18.36 0.022995649471721565
18|36.18.37.18 10|18.36.18 0.011187072715972654
18|36.18.37.18 2|18.36.18.37.18 0.019266625233064015
18|36.18.37.18 12|18.36 0.014916096954630205
4|36.21 36|4.36.21 0.42857142857142855
4|36.21 33|4.36 0.5714285714285714
18|33 37|18 1.0
37|18.32 18|37.18.32 1.0
26|16.23 37|26 1.0
18|37.12 37|18.37 1.0
16|23 37|16 0.203125
16|23 36|16 0.25
16|23 26|16.23 0.546875
18|36.6.18 34| 1.0
2|24 36|2 0.41025641025641024
2|24 37|2 0.5897435897435898
36|6 34|36 0.5693430656934306
36|6 18|36 0.4306569343065693
36|2.18.37 10|36.2 1.0
4|36 37|4 0.18556701030927836
4|36 33|4.36 0.28865979381443296
4|36 36|4 0.36082474226804123
4|36 21|4 0.16494845360824742
37|29 18|37.29 1.0
16|18.36 26|16.18 1.0
16|18 37|16 0.323943661971831
16|18 26|16.18 0.352112676056338
16|18 23|16 0.18309859154929578
16|18 36|16 0.14084507042253522
18|36.19 37|18.36 0.6363636363636364
18|36.19 36|18 0.2809917355371901
18|36.19 19| 0.08264462809917356
2|36.24 37|2 1.0
3|5 37|3 0.2671232876712329
3|5 18|3.5 0.15753424657534246
3|5 24|3 0.2465753424657534
3|5 36|3 0.3287671232876712
22|9.36 37|22 1.0
24|30.18 37|24 1.0
24|18.37.18 13|24 0.0194585448392555
24|18.37.18 26|24.18 0.024534686971235193
24|18.37.18 34|24.18 0.016074450084602367
24|18.37.18 6|24.18.37.18 0.03299492385786802
24|18.37.18 2|24 0.028764805414551606
24|18.37.18 28| 0.010998307952622674
24|18.37.18 0|24 0.02622673434856176
24|18.37.18 5|24 0.01015228426395939
24|18.37.18 4|24 0.028764805414551606
24|18.37.18 18| 0.11421319796954314
24|18.37.18 30|24 0.05245346869712352
24|18.37.18 14|24 0.01015228426395939
24|18.37.18 22|24 0.021150592216582064
24|18.37.18 17|24 0.03976311336717428
24|18.37.18 36|24 0.1319796954314721
24|18.37.18 37|24 0.2428087986463621
24|18.37.18 21|24 0.02961082910321489
24|18.37.18 15|24 0.01692047377326565
24|18.37.18 23|24 0.023688663282571912
24|18.37.18 10|24 0.014382402707275803
24|18.37.18 19|24 0.01015228426395939
24|18.37.18 16|24 0.01353637901861252
24|18.37.18 9|24 0.038917089678511
24|18.37.18 12|24 0.04230118443316413
27|12.24 28|27.12.24 1.0
18|37.18.37.32 37|18.37.18.37.32 0.7840909090909091
18|37.18.37.32 0| 0.2159090909090909
30|24 13|30 0.3118279569892473
30|24 37|30 0.23655913978494625
30|24 18|30 0.10752688172043011
30|24 8|30 0.10752688172043011
30|24 36|30.24 0.23655913978494625
37|18.37.16 18|37.18.37.16 1.0
36|6.34 18|36 1.0
18|0 37|18 1.0
36|18.37.29 18|36.18.37.29 1.0
13|36.30 8|13.36.30 1.0
18|37.24 5| 0.016221374045801526
18|37.24 4|18 0.01812977099236641
18|37.24 29| 0.013358778625954198
18|37.24 14|18.37.24 0.03721374045801527
18|37.24 2|18.37 0.01812977099236641
18|37.24 13|18.37 0.01049618320610687
18|37.24 0| 0.016221374045801526
18|37.24 10|18 0.011450381679389313
18|37.24 21|18 0.011450381679389313
18|37.24 19| 0.02099236641221374
18|37.24 36|18 0.09446564885496184
18|37.24 17|18.37.24 0.02099236641221374
18|37.24 37|18.37.24 0.5515267175572519
18|37.24 12|18.37 0.015267175572519083
18|37.24 6|18.37.24 0.022900763358778626
18|37.24 23|18 0.013358778625954198
18|37.24 30|18 0.01049618320610687
18|37.24 24|18.37.24 0.09732824427480916
8|13.24 30|8.13.24 1.0
14| 36|14 0.12706270627062707
14| 37| 0.20627062706270627
14| 6|14 0.0231023102310231
14| 5|14 0.052805280528052806
14| 3| 0.024752475247524754
14| 18|14 0.533003300330033
14| 24| 0.033003300330033
18|14.18.36 37|18.14 1.0
28|18.37.18 37|28 1.0
31|17 36|31.17 0.18222222222222223
31|17 32| 0.7288888888888889
31|17 37|31 0.08888888888888889
26|16.18 37|26 1.0
5|18.14 3|5.18.14 0.6140350877192983
5|18.14 37|5 0.21052631578947367
5|18.14 36|5.18.14 0.17543859649122806
36|30 13|36.30 0.37
36|30 18|36.30 0.63
13|18.36 8|13.18.36 1.0
12|28 27|12 1.0
18|37.18.32 0| 1.0
37|34 18|37.34 1.0
9| 22|9 0.5127055306427504
9| 18|9 0.07473841554559044
9| 36|9 0.17787742899850523
9| 24| 0.029895366218236172
9| 37|9 0.20478325859491778
30|13 8|30 1.0
18|28 37|18 1.0
22|9.18.36 37|22 1.0
36|12 27|36 0.7916666666666666
36|12 18|36 0.20833333333333334
9|36 22|9.36 0.41818181818181815
9|36 36|9 0.3090909090909091
9|36 37|9 0.2727272727272727
18|37.25 37|18.37 0.696969696969697
18|37.25 19| 0.30303030303030304
11|0.36 20| 1.0
37|32 18|37.32 1.0
26|36.18 36|26 1.0
12|18.36 27|12 1.0
18|37.18.37.24 36|18.37.18 0.08064516129032258
18|37.18.37.24 4|18 0.020161290322580645
18|37.18.37.24 19| 0.04032258064516129
18|37.18.37.24 29| 0.03225806451612903
18|37.18.37.24 6|18 0.02217741935483871
18|37.18.37.24 24|18.37.18.37.24 0.1310483870967742
18|37.18.37.24 12|18.37 0.02217741935483871
18|37.18.37.24 0| 0.020161290322580645
18|37.18.37.24 14| 0.03024193548387097
18|37.18.37.24 37|18.37.18.37 0.6008064516129032
16|36 37|16 0.6060606060606061
16|36 36|16 0.3939393939393939
7|36 37|7 1.0
18|37.18.37.18.37.2 14| 0.2765957446808511
18|37.18.37.18.37.2 37|18.37.18.37 0.723404255319149
18|36.7 37|18.36 1.0
32|18 37|32 1.0
8|30 37|8 1.0
36|3 18|36.3 0.7738095238095238
36|3 24|36 0.2261904761904762
18|37.24.22 37|18.37.24 1.0
37|8 18|37.8 1.0
16|26 37|16 0.4340277777777778
16|26 18|16 0.13194444444444445
16|26 23|16 0.1284722222222222
16|26 36|16 0.21180555555555555
16|26 24|16 0.09375
18|24.22 37|18 1.0
18|23 37|18 1.0
33|18 36|33 0.2619047619047619
33|18 37|33 0.7380952380952381
17|18.37.24 31|17 1.0
6|18.37.24 34| 1.0
3|5.18.14 24|3 1.0
31|36.17 36|31 1.0
4| 37|4 0.13838550247116968
4| 36|4 0.19769357495881384
4| 18|4 0.07742998352553541
4| 21|4 0.31960461285008235
4| 24| 0.02800658978583196
4| 23| 0.026359143327841845
4| 33| 0.21252059308072488
37|10 18|37.10 1.0
6|24 36|6.24 0.2727272727272727
6|24 34| 0.4805194805194805
6|24 37| 0.24675324675324675
24| 25| 0.003009328919650918
24| 3| 0.00511585916340656
24| 11| 0.0066205236232320195
24| 2|24 0.015949443274149863
24| 28| 0.007824255191092387
24| 0|24 0.017454107733975325
24| 26|24 0.0183569064098706
24| 27|24 0.007523322299127295
24| 5|24 0.009027986758952753
24| 8| 0.004814926271441469
24| 13|24 0.012037315678603671
24| 4|24 0.01685224195004514
24| 18| 0.1170628949744207
24| 30|24 0.02858862473668372
24| 29| 0.0033102618116160097
24| 20| 0.004213060487511285
24| 22|24 0.012338248570568764
24| 17|24 0.0219681011134517
24| 6|24 0.02497743003310262
24| 14|24 0.007824255191092387
24| 36|24 0.16972615106831176
24| 37|24 0.3448690941919952
24| 21|24 0.017454107733975325
24| 15|24 0.011736382786638579
24| 23|24 0.012940114354498947
24| 10|24 0.014143845922359314
24| 31| 0.006018657839301836
24| 7|24 0.004213060487511285
24| 19|24 0.007824255191092387
24| 16|24 0.009027986758952753
24| 34|24 0.012940114354498947
24| 9|24 0.021366235329521515
24| 12|24 0.022870899789346977
27|24 28|27 1.0
23|29 26|23 1.0
5|24 37|5 1.0
13|30 8|13.30 1.0
13|24 8|13.24 1.0
37|28.27 18|37.28.27 1.0
36|16.26.24 23|36.16 1.0
37|18.37.2 18|37.18.37.2 1.0
18|30.8 37|18 1.0
4|24 36|4 0.35135135135135137
4|24 21|4 0.6486486486486487
36| 16|36 0.006438320885912954
36| 23|36 0.01249034251867113
36| 3|36 0.007082152974504249
36| 7|36 0.005536955961885141
36| 18|36 0.7053824362606232
36| 34|36 0.01545197012619109
36| 25| 0.0038629925315477724
36| 2|36 0.011846510430079836
36| 11|36 0.0072109193922225085
36| 4|36 0.014421838784445017
36| 26|36 0.01249034251867113
36| 21| 0.014293072366726757
36| 31| 0.007468452227659027
36| 30|36 0.0036054596961112542
36| 0|36 0.008884882822559876
36| 5| 0.011460211176925058
36| 6|36 0.007983517898532062
36| 29| 0.006180788050476436
36| 20| 0.006052021632758177
36| 13|36 0.010301313417460727
36| 27|36 0.010301313417460727
36| 15|36 0.005021890291012104
36| 14| 0.002704094772083441
36| 8|36 0.0038629925315477724
36| 17|36 0.006824620139067731
36| 24|36 0.022147823847540563
36| 19| 0.005923255215039918
36| 32|36 0.010172546999742467
36| 12|36 0.005021890291012104
36| 28|36 0.006695853721349472
36| 33| 0.01390677311357198
36| 9|36 0.009271182075714654
36| 22| 0.008756116404841618
36| 10| 0.010945145506052021
37|3 18|37.3 1.0
13|36 8| 0.7910447761194029
13|36 37|13 0.208955223880597
18|37.18.37.18.37.30 12|18.37 0.23076923076923078
18|37.18.37.18.37.30 37|18.37.18.37 0.7692307692307693
22|18 9|22 0.4632352941176471
22|18 18|22 0.08088235294117647
22|18 36|22 0.19852941176470587
22|18 37|22 0.25735294117647056
14|18.36 18|14.18.36 0.640625
14|18.36 37| 0.359375
2|18.37.18.37.18.37 10|2.18 1.0
18|37.16 37|18.37.16 0.7294117647058823
18|37.16 36|18 0.058823529411764705
18|37.16 29| 0.21176470588235294
10|18 36|10 0.15942028985507245
10|18 18| 0.14492753623188406
10|18 37|10 0.25120772946859904
10|18 5|10 0.10628019323671498
10|18 24|10.18 0.14492753623188406
10|18 2|10.18 0.1932367149758454
18|20 37|18 1.0
7|37 37|7 1.0
24|33 37|24 1.0
18|37.18.37.2 5| 0.10416666666666667
18|37.18.37.2 37|18.37.18.37.2 0.6875
18|37.18.37.2 14| 0.10416666666666667
18|37.18.37.2 36|18.37.18 0.10416666666666667
22|18.37.18.37 9|22 1.0
18|5 37|18 1.0
12|27 28| 0.38461538461538464
12|27 37|12 0.6153846153846154
7|18 36|7 0.2222222222222222
7|18 37|7 0.5
7|18 25|7 0.2777777777777778
26|18 36|26 0.20512820512820512
26|18 37|26 0.27564102564102566
26|18 18|26 0.11538461538461539
26|18 23| 0.10897435897435898
26|18 16|26.18 0.2948717948717949
37|18.37.22 18|37.18.37.22 1.0
31| 32| 0.41836734693877553
31| 18| 0.026530612244897958
31| 36|31 0.23265306122448978
31| 24| 0.03469387755102041
31| 37|31 0.23265306122448978
31| 17|31 0.05510204081632653
18|36.28 37|18.36 1.0
24|16 37|24 1.0
20|18.37 0|20 1.0
36|30.8 18|36.30 1.0
24|32 37|24 1.0
18|36.3 37|18.36 1.0
18|37.30 12|18.37 0.08176100628930817
18|37.30 13|18.37 0.0880503144654088
18|37.30 24|18 0.0880503144654088
18|37.30 37|18.37.30 0.6540880503144654
18|37.30 36|18 0.0880503144654088
36|27 28|36 0.5964912280701754
36|27 18|36 0.40350877192982454
37|33 18|37.33 1.0
18|37.34 6|18 0.06716417910447761
18|37.34 37|18.37.34 0.6865671641791045
18|37.34 4|18 0.05223880597014925
18|37.34 24|18 0.08208955223880597
18|37.34 36|18 0.07462686567164178
18|37.34 14| 0.03731343283582089
15|25 37|15 1.0
12| 28| 0.05927342256214149
12| 37|12 0.10133843212237094
12| 18|12 0.05162523900573614
12| 24| 0.032504780114722756
12| 36|12 0.15678776290630975
12| 27|12 0.5984703632887189
18|36 36|18 0.1566752482530342
18|36 24|18.36 0.04468554615667525
18|36 25| 0.0018389113644722325
18|36 30|18.36 0.006436189775652814
18|36 2|18 0.015630746598013976
18|36 4|18.36 0.009930121368150056
18|36 11| 0.003126149319602795
18|36 9|18.36 0.015262964325119529
18|36 28| 0.0025744759102611253
18|36 16|18.36 0.004781169547627804
18|36 3|18 0.004965060684075028
18|36 21|18.36 0.010297903641044501
18|36 5| 0.01415961750643619
18|36 31|18.36 0.003677822728944465
18|36 0|18.36 0.008091210003677823
18|36 29| 0.0340198602427363
18|36 20| 0.0033100404560500183
18|36 34| 0.009378447958808385
18|36 10|18 0.01305627068775285
18|36 33|18 0.004781169547627804
18|36 17|18.36 0.009378447958808385
18|36 8|18 0.003677822728944465
18|36 37|18.36 0.5051489518205222
18|36 22|18 0.007539536594336153
18|36 14|18.36 0.015998528870908423
18|36 6|18.36 0.012872379551305628
18|36 19| 0.029606472968002943
18|36 13|18.36 0.0066200809121000365
18|36 7|18 0.002390584773813902
18|36 26|18 0.0079073188672306
18|36 27| 0.0033100404560500183
18|36 23|18 0.014343508642883413
18|36 15|18.36 0.0051489518205222505
18|36 12|18.36 0.009378447958808385
24|18.37.18.37.24 37|24 1.0
37|26 18|37.26 1.0
37|13 18|37.13 1.0
37|18.36.16 18|37.18.36.16 1.0
17|18 37|17 0.0924092409240924
17|18 18|17 0.066006600660066
17|18 36|17 0.11551155115511551
17|18 31|17 0.5214521452145214
17|18 24| 0.04950495049504951
17|18 32|17.18 0.1551155115511551
5|10 36|5 1.0
10|5 37|10 1.0
36|21 4|36.21 0.2215909090909091
36|21 33|36.21 0.2840909090909091
36|21 18|36.21 0.4943181818181818
22|9 36|22 0.2066869300911854
22|9 18|22 0.1337386018237082
22|9 37|22 0.4133738601823708
22|9 24|22 0.24620060790273557
18|36.21 33|18 0.20588235294117646
18|36.21 37|18.36 0.4852941176470588
18|36.21 36|18 0.3088235294117647
36|18.37.18 18|36.18.37.18 0.9304490690032858
36|18.37.18 24|36 0.01095290251916758
36|18.37.18 23|36 0.007119386637458927
36|18.37.18 19| 0.006024096385542169
36|18.37.18 13|36 0.0065717415115005475
36|18.37.18 9|36.18 0.00547645125958379
36|18.37.18 29|36.18 0.006024096385542169
36|18.37.18 4|36 0.008214676889375685
36|18.37.18 5|36.18 0.00547645125958379
36|18.37.18 21| 0.008214676889375685
36|18.37.18 2|36 0.00547645125958379
37|18.14 18|37.18.14 1.0
18|17 31|18 1.0
18|37.18.37.18.37.34 4|18 0.2236842105263158
18|37.18.37.18.37.34 37|18.37.18.37 0.7763157894736842
30| 13|30 0.14414414414414414
30| 24|30 0.12432432432432433
30| 37|30 0.3207207207207207
30| 36|30 0.2036036036036036
30| 18|30 0.14954954954954955
30| 8|30 0.05765765765765766
31|32 37|31 1.0
3|18 37|3 0.31875
3|18 18| 0.075
3|18 36|3 0.19375
3|18 24|3 0.1875
3|18 5|3.18 0.225
18|36.26 37|18.36 1.0
0| 20| 0.03505535055350553
0| 37|0 0.13837638376383765
0| 18|0 0.04981549815498155
0| 36|0 0.10516605166051661
0| 24| 0.02952029520295203
0| 11| 0.6420664206642066
26|36.23 16|26.36 1.0
18|22 37|18 1.0
36|10 2|36 0.175
36|10 18|36.10 0.825
21|18.36 37| 0.5
21|18.36 36|21 0.5
36|23.36 18|36.23 1.0
6|18.14 34| 1.0
16|23.18 26|16.23 1.0
18|4 21|18 1.0
21|4 36|21.4 0.1144578313253012
21|4 33|21 0.8855421686746988
31|17.24 36|31.17 0.3611111111111111
31|17.24 32|31.17.24 0.6388888888888888
34| 36|34 0.20725388601036268
34| 21| 0.02072538860103627
34| 24|34 0.07772020725388601
34| 37|34 0.5025906735751295
34| 6|34 0.1157167530224525
34| 18|34 0.07599309153713299
2|18.37 18|2.18.37 0.14545454545454545
2|18.37 24|2 0.07727272727272727
2|18.37 36|2.18.37 0.11818181818181818
2|18.37 37|2 0.2409090909090909
2|18.37 10|2.18 0.41818181818181815
18|9 22|18 0.3235294117647059
18|9 37|18 0.6764705882352942
10|2 36|10 0.17123287671232876
10|2 24|10 0.3493150684931507
10|2 18| 0.1506849315068493
10|2 37|10 0.3287671232876712
18|37.18 23|18.37.18 0.007403067746058798
18|37.18 25|18.37 0.0012249680443118876
18|37.18 32|18 0.0005325948018747337
18|37.18 3|18 0.0036749041329356626
18|37.18 17|18 0.008308478909245846
18|37.18 11|18.37.18 0.0015977844056242012
18|37.18 6|18 0.006657435023434171
18|37.18 33|18 0.000585854282062207
18|37.18 27|18.37 0.001171708564124414
18|37.18 36|18.37.18 0.10209842351938644
18|37.18 22|18 0.003621644652748189
18|37.18 16|18 0.001438005965061781
18|37.18 0| 0.00995952279505752
18|37.18 5| 0.008414997869620792
18|37.18 4|18 0.010119301235619941
18|37.18 24|18.37.18 0.06572219855134213
18|37.18 34|18.37 0.0032488282914358755
18|37.18 29| 0.02982530890498509
18|37.18 2|18.37 0.00948018747337026
18|37.18 15| 0.003941201533873029
18|37.18 37|18.37 0.620046868342565
18|37.18 14| 0.015285470813804857
18|37.18 28|18.37.18 0.0019706007669365146
18|37.18 10|18 0.004100979974435449
18|37.18 21|18 0.005592245419684704
18|37.18 13|18.37 0.007296548785683852
18|37.18 19| 0.02849382190029825
18|37.18 31|18 0.002982530890498509
18|37.18 12|18.37 0.009746484874307626
18|37.18 9| 0.011930123561994035
18|37.18 7|18 0.0017043033659991478
18|37.18 26|18 0.0036749041329356626
18|37.18 20|18.37 0.001171708564124414
18|37.18 30|18 0.006976991904559011
37|7 18|37.7 1.0
18|37.18.37.20 37|18.37.18.37 0.8333333333333334
18|37.18.37.20 19| 0.16666666666666666
18|36.32 37|18.36 1.0
36|23 16|36 0.14960629921259844
36|23 26|36.23 0.31496062992125984
36|23 18|36.23 0.5354330708661418
18|36.30 37|18.36 0.725
18|36.30 13|18.36 0.275
23|18.37.33 26|23 1.0
18|37.32 37|18.37.32 0.6141304347826086
18|37.32 24|18 0.09239130434782608
18|37.32 0|18.37.32 0.1793478260869565
18|37.32 36|18 0.11413043478260869
18|36.33 37|18.36 1.0
36|33 18|36.33 1.0
18|37.29 5| 0.023593466424682397
18|37.29 29| 0.17422867513611615
18|37.29 9|18.37.29 0.041742286751361164
18|37.29 37|18.37 0.5281306715063521
18|37.29 21|18 0.023593466424682397
18|37.29 24|18 0.023593466424682397
18|37.29 36|18.37.29 0.1851179673321234
5|14 3|5 1.0
24|18.14 37|24 1.0
24|6 34|24 1.0
33|21 18|33 0.14136125654450263
33|21 36|33 0.16230366492146597
33|21 24|33 0.16230366492146597
33|21 37|33 0.5340314136125655
23|26.16 37|23 1.0
18|37.17 36|18 0.2702702702702703
18|37.17 37|18.37 0.7297297297297297
37|12 18|37.12 1.0
18|37.8 37|18.37 0.7804878048780488
18|37.8 36|18 0.0975609756097561
18|37.8 24|18 0.12195121951219512
17|31 32| 1.0
21|18 33|21.18 0.09777777777777778
21|18 37| 0.28
21|18 18|21 0.12
21|18 4|21 0.1511111111111111
21|18 36|21 0.3511111111111111
21|36.4 33|21 0.5483870967741935
21|36.4 36|21.36.4 0.45161290322580644
18|37.18.37.26 29| 0.20754716981132076
18|37.18.37.26 37|18.37.18.37 0.7924528301886793
12|24 27|12.24 0.7611940298507462
12|24 36|12 0.23880597014925373
18|37.4 36|18 0.23809523809523808
18|37.4 37|18.37 0.7619047619047619
37|30 18|37.30 1.0
36|15 25| 0.2727272727272727
36|15 7|36 0.3181818181818182
36|15 18|36 0.4090909090909091
18|10.2.18 24|18 1.0
37|18.37 18|37.18.37 1.0
18|36.11 37|18.36 1.0
11| 20| 0.43947858472998136
11| 18|11 0.07076350093109869
11| 0|11 0.08379888268156424
11| 36|11 0.1452513966480447
11| 24| 0.03165735567970205
11| 37|11 0.22905027932960895
18|24.18.37.18.37 30|18 0.42857142857142855
18|24.18.37.18.37 37|18 0.5714285714285714
36|6.24 34|36 1.0
28|36 36|28 0.3684210526315789
28|36 37|28 0.631578947368421
18|36.20 37|18.36 1.0
36|21.24 4|36.21 1.0
11|0.18.36 20| 1.0
24|18.2 37|24 1.0
11|18.37.18 0|11 1.0
8|13.18.36 37|8 1.0
37|28 18|37.28 1.0
36|20 18|36.20 1.0
36|9 22|36.9 0.4090909090909091
36|9 18|36.9 0.5909090909090909
30|8.13.24 37|30 1.0
7| 36|7 0.16521739130434782
7| 18|7 0.0782608695652174
7| 15| 0.04057971014492753
7| 37|7 0.5797101449275363
7| 25|7 0.06086956521739131
7| 24|7 0.07536231884057971
18|37.18.37.34 4|18.37.18.37.34 0.1566265060240964
18|37.18.37.34 37|18.37.18.37.34 0.5783132530120482
18|37.18.37.34 24|18.37.18.37 0.18072289156626506
18|37.18.37.34 36|18.37.18 0.08433734939759036
18|37.18.37.19 37|18.37.18.37 0.7301587301587301
18|37.18.37.19 36|18.37.18 0.11428571428571428
18|37.18.37.19 19| 0.15555555555555556
28| 37|28 0.4850894632206759
28| 27|28 0.05765407554671968
28| 36|28 0.1610337972166998
28| 12|28 0.0536779324055666
28| 18|28 0.13717693836978131
28| 24|28 0.10536779324055666
11|0.24 36|11 0.34285714285714286
11|0.24 20|11.0.24 0.6571428571428571
21| 26| 0.020435967302452316
21| 33|21 0.2724795640326976
21| 37| 0.22479564032697547
21| 4|21 0.06948228882833787
21| 18|21 0.08583106267029973
21| 24| 0.025885558583106268
21| 23| 0.017711171662125342
21| 36|21 0.28337874659400547
18|19 36|18 0.2112676056338028
18|19 37|18 0.647887323943662
18|19 24|18 0.14084507042253522
2| 36|2 0.2016260162601626
2| 5| 0.01788617886178862
2| 10|2 0.25853658536585367
2| 37|2 0.3252032520325203
2| 18|2 0.14308943089430895
2| 24|2 0.05365853658536585
28|27.12.24 37|28.27 1.0
26|23.24 16|26.23.24 1.0
18|37.18.36 36|18.37.18 0.13785310734463277
18|37.18.36 4|18 0.006779661016949152
18|37.18.36 24|18.37.18 0.05875706214689266
18|37.18.36 30|18 0.008286252354048965
18|37.18.36 23|18.37.18 0.006779661016949152
18|37.18.36 29| 0.025612052730696798
18|37.18.36 2|18.37 0.007156308851224105
18|37.18.36 3|18 0.003766478342749529
18|37.18.36 13|18.37 0.006779661016949152
18|37.18.36 37|18.37 0.6222222222222222
18|37.18.36 17|18 0.007909604519774011
18|37.18.36 14| 0.014689265536723164
18|37.18.36 10|18 0.005273069679849341
18|37.18.36 21|18 0.0064030131826741995
18|37.18.36 19| 0.026741996233521657
18|37.18.36 22|18 0.007532956685499058
18|37.18.36 12|18.37 0.006779661016949152
18|37.18.36 9| 0.01431261770244821
18|37.18.36 5|18.37.18.36 0.011676082862523541
18|37.18.36 6|18 0.005649717514124294
18|37.18.36 0| 0.00903954802259887
37|20 18|37.20 1.0
24|30 37|24 0.532258064516129
24|30 36|24 0.3064516129032258
24|30 18| 0.16129032258064516
37|18.37.18.37.30 18|37.18.37.18.37.30 1.0
18|37.22 37|18.37.22 0.9254658385093167
18|37.22 36|18 0.07453416149068323
23|16 18|23 0.25
23|16 37|23 0.75
18|37.9 36|18 0.1702127659574468
18|37.9 37|18.37 0.8297872340425532
18|8 37|18 1.0
22|24 9|22 1.0
18|36.29 36|18 0.24675324675324675
18|36.29 37|18.36 0.5909090909090909
18|36.29 29| 0.08441558441558442
18|36.29 24|18.36 0.07792207792207792
36|31.17 32|36 1.0
5|36.18 37|5 1.0
18|36.4 37|18.36 0.5217391304347826
18|36.4 36|18 0.4782608695652174
20|11.0.24 37|20 1.0
8|36 37|8 1.0
17|36 37|17 0.2894736842105263
17|36 32| 0.2894736842105263
17|36 31|17 0.42105263157894735
18|37.15 37|18.37 0.7659574468085106
18|37.15 19| 0.23404255319148937
36|24 0|36 0.02522935779816514
36|24 2|36.24 0.052752293577981654
36|24 6|36 0.027522935779816515
36|24 13|36 0.022935779816513763
36|24 18|36.24 0.8715596330275229
37|15 18|37.15 1.0
34|18.37 36|34 0.2608695652173913
34|18.37 37|34 0.30434782608695654
34|18.37 6|34 0.43478260869565216
18|14 5|18.14 0.21904761904761905
18|14 36|18 0.09841269841269841
18|14 37|18.14 0.2571428571428571
18|14 34| 0.0380952380952381
18|14 6|18.14 0.1111111111111111
18|14 24|18.14 0.13333333333333333
18|14 3|18.14 0.14285714285714285
32|36 37|32 0.6923076923076923
32|36 36|32 0.3076923076923077
36|11 18|36.11 0.5087719298245614
36|11 20|36.11 0.49122807017543857
34|24.18 6|34 1.0
36|5.18.14 3|36 1.0
18|37.2 37|18.37.2 0.7283950617283951
18|37.2 36|18 0.06790123456790123
18|37.2 14| 0.1111111111111111
18|37.2 24|18 0.09259259259259259
6|34 37| 0.6538461538461539
6|34 36|6.34 0.34615384615384615
18|7 37|18 1.0
22| 9|22 0.18043844856661045
22| 36|22 0.19561551433389546
22| 18|22 0.1163575042158516
22| 24|22 0.16526138279932545
22| 37|22 0.342327150084317
36|17 31|36.17 0.6808510638297872
36|17 18|36 0.3191489361702128
34|24 37|34 0.5945945945945946
34|24 6|34 0.40540540540540543
15|18.36 25|15 1.0
18|34 37|18 1.0
37|31 18|37.31 1.0
18|37.18.37.18.37 24|18.37.18.37 0.061851066205202636
18|37.18.37.18.37 23|18.37.18 0.007145249525510774
18|37.18.37.18.37 17|18 0.00915485095456068
18|37.18.37.18.37 11|18.37.18 0.0011164452383610583
18|37.18.37.18.37 37|18.37.18.37 0.6467567265825611
18|37.18.37.18.37 6|18 0.005693870715641398
18|37.18.37.18.37 27|18.37 0.0017863123813776935
18|37.18.37.18.37 36|18.37.18 0.09545606787987049
18|37.18.37.18.37 3|18.37.18.37 0.002902757619738752
18|37.18.37.18.37 2|18.37.18.37.18.37 0.0043541364296081275
18|37.18.37.18.37 22|18.37.18.37 0.002791113095902646
18|37.18.37.18.37 0| 0.00915485095456068
18|37.18.37.18.37 4|18 0.009824718097577314
18|37.18.37.18.37 5|18.37.18.37.18.37 0.0054705816679691864
18|37.18.37.18.37 34|18.37 0.0031260466674109637
18|37.18.37.18.37 29| 0.028246064530534777
18|37.18.37.18.37 28|18.37.18 0.0016746678575415876
18|37.18.37.18.37 15| 0.003460980238919281
18|37.18.37.18.37 16|18 0.0015630233337054818
18|37.18.37.18.37 14| 0.01585352238472703
18|37.18.37.18.37 10|18 0.002121245952886011
18|37.18.37.18.37 21|18 0.005247292620296974
18|37.18.37.18.37 13|18.37 0.00781511666852741
18|37.18.37.18.37 19| 0.027017974768337612
18|37.18.37.18.37 31|18 0.003460980238919281
18|37.18.37.18.37 12|18.37 0.011052807859774479
18|37.18.37.18.37 9| 0.01127609690744669
18|37.18.37.18.37 7|18 0.0011164452383610583
18|37.18.37.18.37 26|18 0.00401920285809981
18|37.18.37.18.37 20|18.37 0.00133973428603327
18|37.18.37.18.37 30|18 0.008150050240035726
3|36 37|3 0.5806451612903226
3|36 36|3 0.41935483870967744
21|33 37| 0.7380952380952381
21|33 36|21 0.2619047619047619
4|18.37.18.37.34 21|4 1.0
18|37.20 37|18.37.20 0.6453900709219859
18|37.20 19| 0.09219858156028368
18|37.20 15| 0.07801418439716312
18|37.20 24|18 0.07801418439716312
18|37.20 36|18 0.10638297872340426
18|2 24|18.2 0.2602739726027397
18|2 36|18 0.1917808219178082
18|2 37|18 0.3835616438356164
18|2 10|18 0.1643835616438356
34|6.36 37|34 1.0
18|36.10 37|18.36 0.6956521739130435
18|36.10 36|18 0.30434782608695654
18|37.27 37|18.37 1.0
36|5 18|36.5 0.7592592592592593
36|5 3|36 0.24074074074074073
25| 18| 0.04918032786885246
25| 37|25 0.16065573770491803
25| 15|25 0.09836065573770492
25| 7| 0.5672131147540984
25| 36| 0.12459016393442623
18|12 27| 1.0
36|25.15 7|36 1.0
18|37.18.37.33 24|18.37.18.37 0.15942028985507245
18|37.18.37.33 23|18.37.18 0.10144927536231885
18|37.18.37.33 37|18.37.18.37 0.7391304347826086
4|18.36 37|4 0.5172413793103449
4|18.36 21|4 0.4827586206896552
18|36.22 37|18.36 1.0
2|18 36|2 0.1478494623655914
2|18 24|2 0.06451612903225806
2|18 37|2 0.26344086021505375
2|18 18|2 0.1532258064516129
2|18 10|2.18 0.3709677419354839
24|2 37|24 1.0
5|18.36.18 37|5 1.0
18|37.18.37.22 13|18.37 0.09302325581395349
18|37.18.37.22 36|18.37.18 0.07751937984496124
18|37.18.37.22 37|18.37.18.37 0.8294573643410853
5|18.37.18.36 3|5 1.0
32|31.18 37|32 1.0
10|36.2 37|10 1.0
26|16 36|26 0.16853932584269662
26|16 23|26.16 0.23595505617977527
26|16 37|26 0.48314606741573035
26|16 18|26 0.11235955056179775
9|18.36 22|9.18.36 0.5507246376811594
9|18.36 36|9 0.2318840579710145
9|18.36 37|9 0.21739130434782608
32|17.18 31|32 1.0
4|21 33|4.21 1.0
2|18.36.18.37.18 37|2 1.0
22|36.9 37|22 1.0
36|21.4 33|36.21 1.0
34|18.6 37|34 1.0
31|18.36 37|31 1.0
26|36 36|26 0.3125
26|36 37|26 0.225
26|36 16|26.36 0.4625
18|26 37|18 1.0
16|24 26|16 1.0
14|18.37.24 18|14 1.0
14|24 18|14 1.0
18|2.18.37 24|18.2 1.0
37|18.37.26 18|37.18.37.26 1.0
9|22 18|9 0.13978494623655913
9|22 36|9.22 0.20430107526881722
9|22 37|9 0.6559139784946236
37|19 18|37.19 1.0
10|2.18 36|10 0.16793893129770993
10|2.18 24|10 0.37404580152671757
10|2.18 37|10 0.31297709923664124
10|2.18 18|10.2.18 0.1450381679389313
18|37.18.14 37|18.37 1.0
6|18.36 34| 0.5531914893617021
6|18.36 36|6.18 0.44680851063829785
37|18.37.18.37.34 18|37.18.37.18.37.34 1.0
37|18.37.30 18|37.18.37.30 1.0
37|18.37.24 18|37.18.37.24 1.0
36|31 17|36 0.1414141414141414
36|31 32|36 0.6262626262626263
36|31 18|36 0.23232323232323232
8|13.18.30 37|8 1.0
6|18 34| 0.4479495268138801
6|18 37| 0.138801261829653
6|18 36|6.18 0.2744479495268139
6|18 18|6 0.08517350157728706
6|18 24|6 0.05362776025236593
36|19 9|36 0.05847953216374269
36|19 18|36.19 0.9415204678362573
27|36 28|27.36 0.5223880597014925
27|36 36|27 0.2835820895522388
27|36 37|27 0.19402985074626866
23|18 26|23 0.40924092409240925
23|18 18|23 0.052805280528052806
23|18 16|23.18 0.1551155115511551
23|18 36|23 0.22442244224422442
23|18 24| 0.033003300330033
23|18 37|23 0.1254125412541254
3| 37|3 0.28292682926829266
3| 24|3 0.2
3| 5| 0.11707317073170732
3| 18| 0.1048780487804878
3| 36|3 0.25365853658536586
3| 14| 0.041463414634146344
36|22 18|36.22 1.0
18|36.14 37|18.36 0.5961538461538461
18|36.14 5| 0.21153846153846154
18|36.14 36|18 0.19230769230769232
0|11 37|0 1.0
18|36.8 37|18.36 1.0
32| 36|32 0.1905940594059406
32| 37|32 0.5024752475247525
32| 17| 0.027227722772277228
32| 31|32 0.09653465346534654
32| 18|32 0.07920792079207921
32| 24|32 0.10396039603960396
18|37.19 5| 0.01669449081803005
18|37.19 37|18.37.19 0.6293823038397329
18|37.19 29| 0.01669449081803005
18|37.19 36|18.37.19 0.15358931552587646
18|37.19 24|18 0.03171953255425709
18|37.19 19| 0.15191986644407346
16|26.23.24 37|16 1.0
15| 25|15 0.538961038961039
15| 7|15 0.08441558441558442
15| 37|15 0.2077922077922078
15| 36|15 0.16883116883116883
18|37.26 37|18.37.26 0.6036036036036037
18|37.26 36|18 0.21621621621621623
18|37.26 29| 0.18018018018018017
18|36.16 37|18.36.16 1.0
18|37 36|18 0.10197485119634199
18|37 25|18.37 0.0014190547518625094
18|37 32|18 0.0009460365012416729
18|37 3|18 0.003941818755173637
18|37 17|18 0.009105601324451101
18|37 4|18 0.010169892388347984
18|37 6|18 0.00760771019748512
18|37 33|18 0.0009066183136899365
18|37 27|18.37 0.001379636564310773
18|37 11| 0.0021285821277937642
18|37 28| 0.0024045094406559184
18|37 22|18 0.0036658914423114827
18|37 16|18 0.001813236627379873
18|37 0| 0.010918837951830974
18|37 5| 0.009223855887106312
18|37 30|18 0.006306910008277819
18|37 34|18.37 0.0033505459418975915
18|37 29| 0.03259884110528598
18|37 2|18.37 0.009066183136899365
18|37 15| 0.004730182506208365
18|37 37|18.37 0.6055421971697741
18|37 8|18 0.0008277819385864638
18|37 14| 0.015924947770901494
18|37 10|18 0.004414837005794474
18|37 21|18 0.006346328195829556
18|37 13|18.37 0.007095273759312547
18|37 19| 0.03098269541566479
18|37 31|18 0.0037841460049666915
18|37 12|18.37 0.00977571051283062
18|37 9| 0.012140801765934803
18|37 7|18 0.0018526548149316094
18|37 26|18 0.003941818755173637
18|37 23|18 0.008120146635657693
18|37 20|18.37 0.0014190547518625094
18|37 24|18 0.06417280933422681
33|4.21 37|33 1.0
24|34 36|24 0.36666666666666664
24|34 37|24 0.6333333333333333
24|18.36 36|24 0.20958083832335328
24|18.36 37|24 0.5748502994011976
24|18.36 18| 0.15568862275449102
24|18.36 9|24 0.059880239520958084
26|24.18 16|26.24.18 1.0
34|36 36|34 0.3076923076923077
34|36 37|34 0.6923076923076923
24|7 37|24 1.0
30|8 24|30 0.22285714285714286
30|8 37|30 0.42857142857142855
30|8 18|30.8 0.2
30|8 36|30.8 0.14857142857142858
18|21 33|18 0.2777777777777778
18|21 37|18 0.7222222222222222
37|4 18|37.4 1.0
37|24.22 18|37.24.22 1.0
37|18.36 18|37.18.36 1.0
37|18.37.20 18|37.18.37.20 1.0
36|14 18|36.14 1.0
33|4.36 37|33 1.0
10|18.36.18 37|10 0.5
10|18.36.18 2|10.18 0.5
24|22 18|24.22 0.2
24|22 36|24 0.25263157894736843
24|22 37|24.22 0.5473684210526316
11|0.18.37.32 20| 1.0
36|26 16|36 0.15584415584415584
36|26 23|36 0.19480519480519481
36|26 18|36.26 0.6493506493506493
9|18.37.29 22|9 1.0
12|36 27|12 1.0
13|8 37|13 1.0
37|18.37.7 18|37.18.37.7 1.0
8| 30|8 0.3755274261603376
8| 13|8 0.06329113924050633
8| 37|8 0.3080168776371308
8| 18|8 0.08860759493670886
8| 36|8 0.16455696202531644
18|37.18.37.16 37|18.37.18.37.16 0.6293103448275862
18|37.18.37.16 36|18.37.18 0.11206896551724138
18|37.18.37.16 29| 0.25862068965517243
20|36.11 37|20 1.0
18|30 24|18 0.1527777777777778
18|30 36|18 0.1388888888888889
18|30 37|18 0.4861111111111111
18|30 13|18.30 0.2222222222222222
37|25 18|37.25 1.0
33|4.18 21|33 0.6410256410256411
33|4.18 37|33 0.358974358974359
26| 36|26 0.14728682170542637
26| 37|26 0.20930232558139536
26| 18|26 0.07131782945736434
26| 24| 0.027906976744186046
26| 23| 0.08682170542635659
26| 16|26 0.4573643410852713
12|18 18|12 0.0440251572327044
12|18 36|12 0.14150943396226415
12|18 37|12 0.06289308176100629
12|18 28|12.18 0.0440251572327044
12|18 24| 0.0440251572327044
12|18 27|12 0.6635220125786163
36|32 18|36.32 1.0
15|36 25|15 0.625
15|36 36|15 0.375
36|13 8|36 0.5925925925925926
36|13 18|36 0.4074074074074074
17|24 36|17 0.26785714285714285
17|24 31|17.24 0.7321428571428571
36|0 11|36 0.6666666666666666
36|0 18|36 0.3333333333333333
6|14 34| 1.0
23| 18|23 0.06752411575562701
23| 26|23 0.2958199356913183
23| 36|23 0.2315112540192926
23| 37|23 0.2604501607717042
23| 24| 0.024115755627009645
23| 16|23 0.12057877813504823
26|24 16|26.24 1.0
28|27 37|28.27 0.5656565656565656
28|27 36|28 0.16498316498316498
28|27 24|28 0.1414141414141414
28|27 18|28 0.12794612794612795
18|36.34 37|18.36 1.0
24|10 37|24 0.47435897435897434
24|10 36|24 0.34615384615384615
24|10 18| 0.1794871794871795
36|4.36.21 33|36.4 1.0
18|37.18.37.7 37|18.37.18.37 0.7272727272727273
18|37.18.37.7 19| 0.2727272727272727
36|4 33|36.4 0.34545454545454546
36|4 21|36.4 0.3
36|4 18|36.4 0.35454545454545455
37|24 18|37.24 1.0
12|18.37 27|12.18.37 0.6822033898305084
12|18.37 36|12 0.15254237288135594
12|18.37 18|12 0.05084745762711865
12|18.37 37|12 0.059322033898305086
12|18.37 24| 0.05508474576271186
36|27.12 28|36 1.0
10|24 36|10 0.35555555555555557
10|24 37|10 0.37777777777777777
10|24 2| 0.26666666666666666
28|27.36 37|28.27 1.0
27| 28|27 0.5744274809160306
27| 18| 0.04389312977099236
27| 24| 0.026717557251908396
27| 36|27 0.12404580152671756
27| 37|27 0.15076335877862596
27| 12|27 0.08015267175572519
37|18.37.19 18|37.18.37.19 1.0
18|37.28.27 17|18 0.09352517985611511
18|37.28.27 37|18.37.28.27 0.8273381294964028
18|37.28.27 36|18 0.07913669064748201
24|18.37.18.37 26|24.18 0.030467899891186073
24|18.37.18.37 18|24.18.37.18.37 0.11099020674646355
24|18.37.18.37 34|24.18 0.015233949945593036
24|18.37.18.37 6|24.18.37.18 0.035908596300326445
24|18.37.18.37 2|24 0.020674646354733407
24|18.37.18.37 0|24 0.028291621327529923
24|18.37.18.37 13|24 0.02176278563656148
24|18.37.18.37 30|24 0.060935799782372145
24|18.37.18.37 4|24 0.030467899891186073
24|18.37.18.37 14|24 0.01088139281828074
24|18.37.18.37 22|24 0.02176278563656148
24|18.37.18.37 17|24 0.04461371055495103
24|18.37.18.37 36|24 0.1294885745375408
24|18.37.18.37 37|24 0.24156692056583243
24|18.37.18.37 21|24 0.03373231773667029
24|18.37.18.37 15|24 0.020674646354733407
24|18.37.18.37 23|24 0.026115342763873776
24|18.37.18.37 10|24 0.014145810663764961
24|18.37.18.37 19|24 0.01088139281828074
24|18.37.18.37 16|24 0.01632208922742111
24|18.37.18.37 9|24 0.036996735582154515
24|18.37.18.37 12|24 0.03808487486398259
10| 36|10 0.2
10| 18| 0.11929824561403508
10| 21| 0.02280701754385965
10| 37|10 0.29473684210526313
10| 2| 0.12105263157894737
10| 5|10 0.08947368421052632
10| 24|10 0.15263157894736842
3|18.14 37|3 0.5769230769230769
3|18.14 24|3 0.4230769230769231
18|37.33 23|18.37.33 0.1
18|37.33 24|18 0.07272727272727272
18|37.33 36|18 0.06363636363636363
18|37.33 37|18.37.33 0.7181818181818181
18|37.33 29| 0.045454545454545456
25|7 15|25 1.0
8|13.30 37|8 0.6129032258064516
8|13.30 18|8 0.16129032258064516
8|13.30 36|8 0.22580645161290322
25|15 37|25 0.06875
25|15 36|25.15 0.1
25|15 7| 0.83125
18|37.18.37.18.37.32 0| 0.2909090909090909
18|37.18.37.18.37.32 37|18.37.18.37 0.7090909090909091
36|18 3|36 0.004316158618829242
36|18 23|36 0.007823037496628
36|18 17|36 0.004316158618829242
36|18 6|36 0.006474237928243863
36|18 20| 0.002967359050445104
36|18 15|36 0.002967359050445104
36|18 5|36.18 0.010790396547073105
36|18 9|36.18 0.006743997841920691
36|18 24|36 0.011060156460749933
36|18 34|36 0.005395198273536552
36|18 19| 0.005395198273536552
36|18 13|36 0.005125438359859725
36|18 18|36.18 0.869975721607769
36|18 12|36 0.004316158618829242
36|18 0|36 0.006474237928243863
36|18 2|36 0.008632317237658484
36|18 29|36.18 0.005934718100890208
36|18 4|36 0.008092797410304829
36|18 22| 0.003506878877798759
36|18 21| 0.006743997841920691
36|18 26|36.18 0.007013757755597518
36|18 10| 0.005934718100890208
8|13.18.37 30|8 0.8174603174603174
8|13.18.37 37|8 0.10317460317460317
8|13.18.37 36|8 0.07936507936507936
32|31.17.24 37|32 1.0
37|0 18|37.0 1.0
18|11 37|18 1.0
0|20 11| 1.0
16|26.24.18 23|16 1.0
26|23 16|26 1.0
9|36.18 22|9.36 1.0
18|36.5 37|18.36 0.7818181818181819
18|36.5 36|18 0.21818181818181817
18|36.24 36|18 0.19557195571955718
18|36.24 37|18.36 0.7011070110701108
18|36.24 24|18.36 0.05166051660516605
18|36.24 2|18 0.05166051660516605
37|17 18|37.17 1.0
24|10.18 37|24 1.0
6|24.18.37.18 34| 1.0
27|18.37 12|27 1.0
5|18.37.18.37.18.37 3|5 1.0
18|37.5 37|18.37 0.6814814814814815
18|37.5 36|18 0.14814814814814814
18|37.5 14| 0.08148148148148149
18|37.5 24|18 0.08888888888888889
18|32 37|18.32 1.0
0|18.37.32 11|0.18.37.32 1.0
18|37.18.37.31 0| 0.25
18|37.18.37.31 37|18.37.18.37 0.75
37|18.37.18.37 18|37.18.37.18.37 1.0
18|37.10 37|18.37 0.6716417910447762
18|37.10 24|18 0.1044776119402985
18|37.10 36|18 0.14925373134328357
18|37.10 2|18.37 0.07462686567164178
36|29 21| 0.04526748971193416
36|29 5| 0.053497942386831275
36|29 10| 0.06172839506172839
36|29 18|36.29 0.8395061728395061
16|26.18 23|16 0.5625
16|26.18 37|16 0.4375
18|37.18.37.23 29| 0.2328767123287671
18|37.18.37.23 37|18.37.18.37 0.7671232876712328
18|3.5 37|18 1.0
24|5 36|24 0.3333333333333333
24|5 37|24 0.6666666666666666
0|36 37|0 0.2926829268292683
0|36 11|0.36 0.7073170731707317
25|18.37 7| 1.0
30|18 13|30 0.2
30|18 37|30 0.23636363636363636
30|18 36|30 0.23636363636363636
30|18 18|30 0.15454545454545454
30|18 24|30.18 0.12727272727272726
30|18 8|30 0.045454545454545456
18|37.18.37.18.37.16 29| 0.31666666666666665
18|37.18.37.18.37.16 37|18.37.18.37 0.6833333333333333
37|18.37.18.37.2 18|37.18.37.18.37.2 1.0
36|28 18|36.28 1.0
37|2 18|37.2 1.0
18|37.18.36.16 29| 0.35294117647058826
18|37.18.36.16 37|18.37 0.6470588235294118
29| 26| 0.0106951871657754
29| 19| 0.011586452762923352
29| 5| 0.011586452762923352
29| 36|29 0.2620320855614973
29| 18|29 0.10784313725490197
29| 37|29 0.5481283422459893
29| 10| 0.0106951871657754
29| 24| 0.016042780748663103
29| 23|29 0.0213903743315508
27|12 28|27 0.7649006622516556
27|12 36|27.12 0.10596026490066225
27|12 18| 0.033112582781456956
27|12 37|27 0.09602649006622517
13|18.30 8|13.18.30 1.0
2|10.18 37|2 1.0
20| 18|20 0.12041884816753927
20| 37|20 0.42670157068062825
20| 0|20 0.06544502617801047
20| 36|20 0.20680628272251309
20| 24|20 0.12303664921465969
20| 11| 0.05759162303664921
18|29 36|18 0.24675324675324675
18|29 37|18 0.7532467532467533
18|36.2 37|18.36 0.6065573770491803
18|36.2 36|18 0.18032786885245902
18|36.2 10|18 0.21311475409836064
18|37.18.37.28.27 17|18 0.14444444444444443
18|37.18.37.28.27 37|18.37.18.37 0.8555555555555555
17| 37|17 0.1417004048582996
17| 32| 0.15384615384615385
17| 36|17 0.13157894736842105
17| 24| 0.038461538461538464
17| 18|17 0.0708502024291498
17| 31|17 0.46356275303643724
16| 23|16 0.10237659963436929
16| 37|16 0.35648994515539306
16| 18|16 0.10786106032906764
16| 24|16 0.056672760511883
16| 36|16 0.19926873857404023
16| 26|16 0.1773308957952468
23|36.16 37|23 1.0
18|37.28 12|18.37 0.05405405405405406
18|37.28 36|18 0.07657657657657657
18|37.28 37|18.37 0.7162162162162162
18|37.28 17|18 0.08558558558558559
18|37.28 24|18 0.06756756756756757
18|37.11 37|18.37 0.7472527472527473
18|37.11 36|18 0.14285714285714285
18|37.11 19| 0.10989010989010989
21|24 36|21.24 1.0
18|36.18 23|18.36.18 0.014317531021317213
18|36.18 24|18.36 0.04899777282850779
18|36.18 3|18 0.004772510340439071
18|36.18 5|18.36.18 0.010817690104995227
18|36.18 4|18.36 0.00922685332484887
18|36.18 37|18.36 0.5036589245943366
18|36.18 2|18 0.01813553929366847
18|36.18 30|18.36 0.006045179764556157
18|36.18 10|18.36.18 0.012726694241170856
18|36.18 9|18.36 0.019090041361756283
18|36.18 16|18.36 0.003181673560292714
18|36.18 22|18 0.006999681832643971
18|36.18 21|18.36 0.00922685332484887
18|36.18 36|18 0.16958320076360164
18|36.18 0|18.36 0.008272351256761056
18|36.18 29| 0.04104358892777601
18|36.18 20| 0.0034998409163219855
18|36.18 34| 0.0066815144766146995
18|36.18 17|18.36 0.011772192173083042
18|36.18 14|18.36 0.015590200445434299
18|36.18 6|18.36 0.01368119630925867
18|36.18 19| 0.035952911231307665
18|36.18 13|18.36 0.004772510340439071
18|36.18 26|18 0.006363347120585428
18|36.18 15|18.36 0.004136175628380528
18|36.18 12|18.36 0.01145402481705377
15|24 25|15 1.0
36|34 18|36.34 0.8823529411764706
36|34 6|36 0.11764705882352941
23|24 36|23.24 0.43333333333333335
23|24 26|23.24 0.5666666666666667
37|23 18|37.23 1.0
8|13.36.30 37|8 1.0
29|36.18 37|29 1.0
24|18 13|24 0.015639810426540283
24|18 26|24.18 0.02227488151658768
24|18 23|24 0.016587677725118485
24|18 3| 0.005687203791469194
24|18 11| 0.006161137440758294
24|18 2|24 0.023222748815165877
24|18 28| 0.009478672985781991
24|18 0|24 0.024644549763033177
24|18 27|24 0.007582938388625593
24|18 5|24 0.00995260663507109
24|18 30|24 0.037914691943127965
24|18 18| 0.11374407582938388
24|18 4|24 0.025118483412322274
24|18 29| 0.005213270142180095
24|18 14|24 0.009478672985781991
24|18 22|24 0.015639810426540283
24|18 17|24 0.03222748815165877
24|18 6|24 0.03317535545023697
24|18 36|24 0.14218009478672985
24|18 37|24 0.2800947867298578
24|18 21|24 0.022748815165876776
24|18 15|24 0.015639810426540283
24|18 34|24.18 0.013744075829383886
24|18 10|24 0.017535545023696683
24|18 31| 0.005213270142180095
24|18 7|24 0.005687203791469194
24|18 19|24 0.00995260663507109
24|18 16|24 0.00995260663507109
24|18 9|24 0.02985781990521327
24|18 12|24 0.03364928909952607
19|24 37|19 1.0
0|18.36 11|0.18.36 1.0
24|36 37|24 0.664179104477612
24|36 36|24 0.1865671641791045
24|36 18| 0.14925373134328357
9|24 22|9.24 0.819672131147541
9|24 36|9 0.18032786885245902
5|3.18 24|5 1.0
