{"children": [{"children": [{"children": [{"size": 1, "name": "33"}, {"size": 1, "name": "18"}, {"children": [{"size": 1, "name": "36"}], "name": "4"}], "name": "36"}, {"size": 1, "name": "33"}, {"size": 1, "name": "18"}, {"children": [{"size": 1, "name": "33"}], "name": "4"}], "name": "21"}, {"children": [{"size": 1, "name": "36"}, {"size": 1, "name": "24"}, {"children": [{"size": 1, "name": "34"}], "name": "18"}], "name": "6"}, {"children": [{"size": 1, "name": "24"}, {"children": [{"size": 1, "name": "18"}], "name": "36"}, {"children": [{"children": [{"children": [{"children": [{"children": [{"size": 1, "name": "18"}], "name": "37"}, {"size": 1, "name": "4"}], "name": "18"}], "name": "37"}], "name": "18"}], "name": "37"}, {"children": [{"size": 1, "name": "36"}], "name": "6"}, {"size": 1, "name": "18"}], "name": "34"}, {"children": [{"children": [{"children": [{"size": 1, "name": "18"}], "name": "37"}, {"size": 1, "name": "18"}], "name": "24"}, {"children": [{"size": 1, "name": "18"}], "name": "36"}, {"children": [{"children": [{"children": [{"size": 1, "name": "18"}], "name": "37"}], "name": "18"}], "name": "37"}, {"size": 1, "name": "18"}, {"children": [{"size": 1, "name": "36"}], "name": "9"}], "name": "22"}, {"children": [{"size": 1, "name": "7"}, {"children": [{"children": [{"size": 1, "name": "27"}], "name": "12"}, {"size": 1, "name": "34"}, {"children": [{"size": 1, "name": "36"}, {"size": 1, "name": "18"}], "name": "2"}, {"size": 1, "name": "20"}, {"children": [{"size": 1, "name": "8"}], "name": "13"}, {"children": [{"children": [{"children": [{"size": 1, "name": "18"}], "name": "24"}, {"size": 1, "name": "3"}, {"children": [{"children": [{"size": 1, "name": "2"}, {"size": 1, "name": "5"}], "name": "18"}], "name": "37"}, {"size": 1, "name": "22"}], "name": "18"}], "name": "37"}, {"size": 1, "name": "25"}, {"size": 1, "name": "27"}], "name": "18"}], "name": "37"}, {"children": [{"size": 1, "name": "21"}, {"size": 1, "name": "24"}, {"children": [{"size": 1, "name": "18"}], "name": "36"}, {"children": [{"children": [{"children": [{"size": 1, "name": "18"}], "name": "37"}, {"size": 1, "name": "23"}], "name": "18"}], "name": "37"}, {"size": 1, "name": "18"}], "name": "33"}, {"children": [{"children": [{"size": 1, "name": "34"}, {"children": [{"size": 1, "name": "16"}], "name": "26"}], "name": "24"}, {"children": [{"size": 1, "name": "33"}], "name": "21"}, {"children": [{"size": 1, "name": "24"}], "name": "30"}, {"children": [{"children": [{"size": 1, "name": "18"}], "name": "36"}], "name": "6"}, {"size": 1, "name": "32"}, {"size": 1, "name": "22"}, {"children": [{"children": [{"size": 1, "name": "28"}, {"children": [{"children": [{"size": 1, "name": "2"}], "name": "18"}], "name": "36"}, {"children": [{"size": 1, "name": "6"}], "name": "24"}, {"size": 1, "name": "23"}, {"size": 1, "name": "11"}], "name": "18"}], "name": "37"}, {"size": 1, "name": "33"}, {"children": [{"size": 1, "name": "33"}], "name": "4"}, {"children": [{"size": 1, "name": "32"}], "name": "17"}, {"children": [{"size": 1, "name": "26"}], "name": "16"}, {"children": [{"size": 1, "name": "29"}, {"size": 1, "name": "5"}, {"size": 1, "name": "9"}, {"children": [{"size": 1, "name": "5"}, {"size": 1, "name": "23"}, {"size": 1, "name": "10"}], "name": "18"}, {"size": 1, "name": "26"}], "name": "36"}, {"children": [{"size": 1, "name": "28"}], "name": "12"}, {"children": [{"size": 1, "name": "5"}], "name": "3"}, {"children": [{"size": 1, "name": "2"}, {"size": 1, "name": "24"}], "name": "10"}, {"size": 1, "name": "8"}, {"children": [{"children": [{"size": 1, "name": "18"}], "name": "10"}], "name": "2"}, {"children": [{"size": 1, "name": "16"}], "name": "26"}, {"children": [{"size": 1, "name": "16"}], "name": "23"}, {"size": 1, "name": "7"}, {"children": [{"size": 1, "name": "32"}], "name": "31"}], "name": "18"}, {"children": [{"children": [{"size": 1, "name": "18"}], "name": "36"}, {"children": [{"children": [{"children": [{"size": 1, "name": "18"}], "name": "36"}, {"size": 1, "name": "9"}], "name": "18"}], "name": "37"}, {"size": 1, "name": "23"}, {"size": 1, "name": "18"}], "name": "29"}, {"children": [{"children": [{"size": 1, "name": "23"}, {"children": [{"children": [{"size": 1, "name": "18"}], "name": "37"}], "name": "18"}], "name": "36"}, {"size": 1, "name": "24"}, {"children": [{"children": [{"children": [{"children": [{"children": [{"size": 1, "name": "18"}], "name": "37"}], "name": "18"}], "name": "37"}], "name": "18"}], "name": "37"}, {"size": 1, "name": "23"}, {"size": 1, "name": "18"}, {"children": [{"size": 1, "name": "23"}], "name": "26"}], "name": "16"}, {"children": [{"children": [{"size": 1, "name": "36"}, {"size": 1, "name": "18"}], "name": "30"}, {"size": 1, "name": "13"}, {"children": [{"size": 1, "name": "18"}], "name": "36"}, {"children": [{"size": 1, "name": "18"}], "name": "37"}, {"size": 1, "name": "18"}], "name": "8"}, {"children": [{"size": 1, "name": "0"}, {"children": [{"children": [{"children": [{"size": 1, "name": "18"}], "name": "37"}], "name": "18"}], "name": "37"}, {"children": [{"size": 1, "name": "18"}], "name": "36"}, {"size": 1, "name": "24"}, {"size": 1, "name": "18"}], "name": "20"}, {"children": [{"children": [{"size": 1, "name": "26"}], "name": "16"}, {"children": [{"size": 1, "name": "18"}, {"size": 1, "name": "26"}], "name": "36"}, {"children": [{"children": [{"children": [{"size": 1, "name": "18"}], "name": "37"}], "name": "18"}], "name": "37"}, {"size": 1, "name": "18"}, {"size": 1, "name": "26"}], "name": "23"}, {"children": [{"size": 1, "name": "36"}, {"size": 1, "name": "12"}, {"children": [{"children": [{"children": [{"children": [{"size": 1, "name": "18"}], "name": "37"}], "name": "18"}], "name": "37"}], "name": "28"}, {"children": [{"size": 1, "name": "18"}], "name": "37"}], "name": "27"}, {"children": [{"size": 1, "name": "17"}, {"size": 1, "name": "36"}, {"children": [{"children": [{"children": [{"size": 1, "name": "18"}], "name": "37"}], "name": "18"}], "name": "37"}], "name": "31"}, {"children": [{"size": 1, "name": "36"}, {"children": [{"size": 1, "name": "18"}], "name": "37"}, {"size": 1, "name": "18"}], "name": "0"}, {"children": [{"size": 1, "name": "16"}, {"children": [{"size": 1, "name": "18"}], "name": "36"}, {"children": [{"children": [{"children": [{"size": 1, "name": "18"}], "name": "37"}], "name": "18"}], "name": "37"}, {"size": 1, "name": "18"}], "name": "26"}, {"children": [{"size": 1, "name": "0"}, {"children": [{"size": 1, "name": "20"}, {"size": 1, "name": "18"}], "name": "36"}, {"children": [{"size": 1, "name": "18"}], "name": "37"}, {"size": 1, "name": "18"}], "name": "11"}, {"children": [{"children": [{"children": [{"size": 1, "name": "8"}], "name": "13"}, {"size": 1, "name": "18"}], "name": "36"}, {"size": 1, "name": "24"}, {"size": 1, "name": "8"}, {"children": [{"size": 1, "name": "8"}], "name": "13"}, {"children": [{"children": [{"children": [{"children": [{"children": [{"size": 1, "name": "18"}], "name": "37"}], "name": "18"}], "name": "37"}], "name": "18"}], "name": "37"}, {"children": [{"children": [{"size": 1, "name": "8"}], "name": "13"}], "name": "18"}], "name": "30"}, {"children": [{"size": 1, "name": "24"}, {"children": [{"size": 1, "name": "18"}], "name": "36"}, {"children": [{"children": [{"children": [{"size": 1, "name": "11"}], "name": "0"}, {"children": [{"children": [{"children": [{"size": 1, "name": "18"}], "name": "37"}], "name": "18"}], "name": "37"}], "name": "18"}], "name": "37"}, {"children": [{"children": [{"size": 1, "name": "18"}], "name": "37"}], "name": "18"}, {"size": 1, "name": "31"}], "name": "32"}, {"children": [{"size": 1, "name": "5"}, {"children": [{"size": 1, "name": "18"}], "name": "36"}, {"size": 1, "name": "6"}, {"children": [{"children": [{"size": 1, "name": "36"}, {"size": 1, "name": "3"}], "name": "5"}, {"size": 1, "name": "24"}, {"children": [{"size": 1, "name": "18"}], "name": "37"}, {"size": 1, "name": "6"}, {"size": 1, "name": "3"}], "name": "18"}], "name": "14"}, {"children": [{"children": [{"size": 1, "name": "22"}, {"size": 1, "name": "18"}], "name": "36"}, {"children": [{"size": 1, "name": "18"}], "name": "37"}, {"size": 1, "name": "18"}, {"size": 1, "name": "22"}], "name": "9"}, {"children": [{"children": [{"size": 1, "name": "18"}], "name": "36"}, {"size": 1, "name": "24"}, {"size": 1, "name": "10"}, {"children": [{"size": 1, "name": "18"}], "name": "3"}, {"children": [{"size": 1, "name": "18"}], "name": "37"}, {"size": 1, "name": "18"}], "name": "5"}, {"children": [{"size": 1, "name": "30"}, {"size": 1, "name": "36"}, {"children": [{"size": 1, "name": "18"}], "name": "37"}], "name": "13"}, {"children": [{"size": 1, "name": "24"}, {"children": [{"size": 1, "name": "18"}], "name": "36"}, {"children": [{"size": 1, "name": "18"}], "name": "37"}], "name": "3"}, {"children": [{"children": [{"size": 1, "name": "36"}], "name": "21"}, {"children": [{"children": [{"size": 1, "name": "36"}], "name": "21"}, {"size": 1, "name": "33"}, {"size": 1, "name": "18"}], "name": "36"}, {"children": [{"size": 1, "name": "18"}], "name": "37"}, {"size": 1, "name": "18"}], "name": "4"}, {"children": [{"children": [{"size": 1, "name": "31"}], "name": "36"}, {"children": [{"size": 1, "name": "18"}], "name": "37"}, {"size": 1, "name": "18"}, {"children": [{"size": 1, "name": "36"}], "name": "31"}], "name": "17"}, {"children": [{"children": [{"size": 1, "name": "18"}], "name": "36"}, {"children": [{"children": [{"children": [{"size": 1, "name": "18"}], "name": "36"}, {"children": [{"size": 1, "name": "18"}], "name": "37"}], "name": "18"}], "name": "37"}, {"size": 1, "name": "18"}], "name": "19"}, {"children": [{"size": 1, "name": "36"}, {"children": [{"size": 1, "name": "18"}], "name": "37"}, {"children": [{"size": 1, "name": "36"}], "name": "27"}, {"size": 1, "name": "18"}], "name": "12"}, {"children": [{"size": 1, "name": "3"}, {"children": [{"size": 1, "name": "34"}], "name": "6"}, {"size": 1, "name": "34"}, {"children": [{"children": [{"size": 1, "name": "11"}], "name": "0"}, {"size": 1, "name": "21"}, {"size": 1, "name": "30"}, {"size": 1, "name": "6"}, {"children": [{"size": 1, "name": "18"}], "name": "14"}, {"children": [{"size": 1, "name": "22"}], "name": "9"}, {"children": [{"size": 1, "name": "8"}], "name": "13"}, {"children": [{"children": [{"size": 1, "name": "5"}], "name": "18"}], "name": "37"}, {"size": 1, "name": "4"}, {"size": 1, "name": "17"}, {"size": 1, "name": "16"}, {"size": 1, "name": "12"}, {"size": 1, "name": "24"}, {"size": 1, "name": "15"}, {"size": 1, "name": "31"}], "name": "18"}, {"size": 1, "name": "16"}, {"size": 1, "name": "24"}, {"size": 1, "name": "2"}, {"size": 1, "name": "15"}, {"children": [{"size": 1, "name": "36"}], "name": "23"}, {"children": [{"size": 1, "name": "28"}], "name": "27"}, {"children": [{"size": 1, "name": "16"}], "name": "26"}, {"children": [{"size": 1, "name": "11"}], "name": "0"}, {"size": 1, "name": "11"}, {"size": 1, "name": "30"}, {"children": [{"size": 1, "name": "22"}], "name": "9"}, {"size": 1, "name": "13"}, {"size": 1, "name": "32"}, {"children": [{"size": 1, "name": "33"}], "name": "4"}, {"size": 1, "name": "17"}, {"size": 1, "name": "12"}, {"size": 1, "name": "7"}, {"size": 1, "name": "8"}, {"size": 1, "name": "28"}], "name": "36"}, {"children": [{"children": [{"size": 1, "name": "36"}], "name": "21"}, {"children": [{"size": 1, "name": "36"}], "name": "6"}, {"size": 1, "name": "34"}, {"size": 1, "name": "22"}, {"children": [{"children": [{"children": [{"children": [{"size": 1, "name": "24"}], "name": "18"}], "name": "37"}, {"size": 1, "name": "24"}, {"size": 1, "name": "6"}, {"size": 1, "name": "14"}, {"size": 1, "name": "17"}], "name": "18"}], "name": "37"}, {"size": 1, "name": "16"}, {"size": 1, "name": "15"}, {"children": [{"size": 1, "name": "36"}, {"children": [{"size": 1, "name": "16"}], "name": "26"}], "name": "23"}, {"size": 1, "name": "27"}, {"children": [{"children": [{"size": 1, "name": "36"}], "name": "16"}], "name": "26"}, {"children": [{"children": [{"size": 1, "name": "20"}], "name": "11"}], "name": "0"}, {"children": [{"size": 1, "name": "36"}], "name": "30"}, {"size": 1, "name": "10"}, {"size": 1, "name": "14"}, {"children": [{"size": 1, "name": "22"}], "name": "9"}, {"size": 1, "name": "5"}, {"children": [{"children": [{"size": 1, "name": "30"}], "name": "8"}], "name": "13"}, {"size": 1, "name": "19"}, {"size": 1, "name": "4"}, {"children": [{"children": [{"size": 1, "name": "32"}], "name": "31"}], "name": "17"}, {"children": [{"size": 1, "name": "2"}, {"size": 1, "name": "18"}], "name": "36"}, {"children": [{"children": [{"size": 1, "name": "28"}], "name": "27"}], "name": "12"}, {"size": 1, "name": "7"}, {"size": 1, "name": "2"}], "name": "24"}, {"children": [{"size": 1, "name": "24"}, {"children": [{"size": 1, "name": "18"}], "name": "36"}, {"children": [{"children": [{"children": [{"size": 1, "name": "18"}], "name": "37"}], "name": "18"}], "name": "37"}, {"size": 1, "name": "25"}, {"size": 1, "name": "18"}], "name": "7"}, {"children": [{"size": 1, "name": "5"}, {"children": [{"size": 1, "name": "18"}], "name": "36"}, {"children": [{"size": 1, "name": "18"}], "name": "37"}, {"size": 1, "name": "24"}], "name": "10"}, {"children": [{"size": 1, "name": "24"}, {"children": [{"size": 1, "name": "10"}, {"size": 1, "name": "18"}], "name": "36"}, {"children": [{"children": [{"children": [{"children": [{"children": [{"size": 1, "name": "18"}], "name": "37"}], "name": "18"}], "name": "37"}], "name": "18"}], "name": "37"}, {"size": 1, "name": "10"}, {"children": [{"size": 1, "name": "24"}], "name": "18"}], "name": "2"}, {"children": [{"children": [{"size": 1, "name": "18"}], "name": "36"}, {"size": 1, "name": "12"}, {"size": 1, "name": "27"}, {"size": 1, "name": "24"}, {"children": [{"size": 1, "name": "18"}], "name": "37"}, {"size": 1, "name": "18"}], "name": "28"}, {"children": [{"size": 1, "name": "15"}, {"children": [{"size": 1, "name": "18"}], "name": "37"}], "name": "25"}, {"children": [{"size": 1, "name": "36"}, {"children": [{"size": 1, "name": "18"}], "name": "37"}, {"children": [{"size": 1, "name": "36"}], "name": "25"}, {"size": 1, "name": "7"}], "name": "15"}], "name": "root"}