10|36,30|10.36,1.0
2|36,26|2,1.0
10|4,30|,1.0
37|15,12|37.15,1.0
36|30,12|36,0.5714285714285714
36|30,4|,0.42857142857142855
1|29,36|1,0.12274368231046931
1|29,25|1.29,1.0
1|29,12|1,0.17689530685920576
1|29,37|1,0.5956678700361011
37|28,12|37.28,0.13274336283185842
12|37.22,37|,1.0
37|30,12|37.30,0.1375
1|29.25,12|1,0.2553191489361702
1|29.25,37|1,0.7446808510638298
11|25,13|11.25,1.0
11|25,36|11,0.21739130434782608
11|25,37|11,0.391304347826087
29|,25|29,1.0
29|,36|29,0.18181818181818182
29|,15|,0.023809523809523808
29|,37|,0.20918367346938777
29|,1|29,0.17689530685920576
29|,0|,0.01870748299319728
29|,12|29,0.725
12|37.11,37|,0.706766917293233
12|37.11,25|,0.10526315789473684
12|37.11,36|,0.11278195488721804
12|37.11,13|,0.07518796992481203
18|,7|18,0.21656050955414013
18|,13|,0.01601164483260553
18|,11|18,1.0
18|,37|18,1.0
18|,12|18,0.2564102564102564
18|,0|,0.043668122270742356
18|,25|18,0.29545454545454547
18|,36|18,0.84
18|,32|,0.017467248908296942
18|,31|,0.017467248908296942
11|9,18|,1.0
29|36,37|,0.38461538461538464
29|36,1|29,0.6153846153846154
25|33,37|,1.0
10|,36|,0.03171641791044776
10|,4|,0.03544776119402985
10|,30|,0.6940298507462687
10|,37|10,1.0
10|,12|10,1.0
10|,25|,0.029850746268656716
36|12.36,12|36,1.0
34|12,12|34,0.19004524886877827
34|12,22|34,0.2398190045248869
34|12,36|34,0.1583710407239819
34|12,28|34,0.04524886877828054
34|12,37|34,0.23529411764705882
34|12,25|34.12,1.0
21|0.12,37|21,1.0
37|22,12|37.22,1.0
12|36.21,37|,1.0
22|28,37|22,1.0
12|32,37|,0.7037037037037037
12|32,17|12,0.2962962962962963
12|37.8,18|,0.01864406779661017
12|37.8,36|,0.11694915254237288
12|37.8,8|,0.16101694915254236
12|37.8,37|,0.6508474576271186
12|37.8,9|,0.01864406779661017
12|37.8,25|,0.03389830508474576
37|0,12|37.0,0.09090909090909091
36|25,13|36,0.038461538461538464
36|25,12|36.25,0.06598984771573604
6|36,37|6,1.0
25|18,37|,0.7045454545454546
25|18,36|25,0.29545454545454547
17|25,32|17,1.0
32|,37|32,1.0
32|,12|32,0.2962962962962963
32|,28|,0.015015015015015015
32|,17|32,0.18840579710144928
32|,36|32,0.6382978723404256
32|,25|,0.03003003003003003
25|12.31,37|,0.5652173913043478
25|12.31,29|25,0.43478260869565216
0|12.36,37|0,1.0
12|37.6,37|,0.7791411042944786
12|37.6,9|,0.22085889570552147
12|31,37|,0.2781065088757396
12|31,36|,0.06804733727810651
12|31,7|12.31,0.3076923076923077
12|31,1|12,0.04142011834319527
12|31,29|12.31,1.0
12|31,18|12.31,0.7580645161290323
12|31,25|12.31,0.43478260869565216
1|,36|1,1.0
1|,29|1,0.18032786885245902
1|,12|1,0.15384615384615385
1|,0|,0.02264808362369338
1|,37|1,1.0
1|,25|,0.08013937282229965
37|,3|,0.0005403736297668674
37|,15|,0.0004245792805311101
37|,8|,0.0004245792805311101
37|,16|37,1.0
37|,25|,0.0004631773969430292
37|,5|,0.0005789717461787865
37|,12|37,0.0037845935504218246
37|,32|,0.000385981164119191
37|13,12|37.13,0.12258064516129032
24|12,27|24.12,1.0
24|12,36|,0.168141592920354
24|12,3|24.12,1.0
24|12,37|24,0.3805309734513274
17|32.25,37|17,0.7916666666666666
17|32.25,12|17,0.20833333333333334
12|29,37|,0.275
12|29,1|12.29,1.0
37|24,12|37.24,0.18840579710144928
12|13,25|12.13,1.0
12|13,36|,0.12903225806451613
12|13,37|,0.4838709677419355
12|13,11|12,0.1827956989247312
9|,37|9,1.0
9|,18|,0.01521933751119069
9|,11|9,1.0
9|,36|9,1.0
9|,20|,0.01521933751119069
9|,12|9,0.18811881188118812
9|,0|,0.01432408236347359
9|,25|,0.017905102954341987
9|,8|,0.011638316920322292
9|,19|9,1.0
25|11,37|,0.5
25|11,36|25,0.2236842105263158
25|11,12|25.11,1.0
18|12.36,37|18,0.5833333333333334
18|12.36,36|18,0.4166666666666667
12|37.21,9|,0.045871559633027525
12|37.21,36|,0.05504587155963303
12|37.21,19|12,0.10091743119266056
12|37.21,37|,0.7247706422018348
12|37.21,25|,0.07339449541284404
25|,21|,0.0033042955842595375
25|,9|,0.003604686091919495
25|,13|,0.019525382997897266
25|,19|25,1.0
25|,33|,0.007810153199158907
25|,16|25,1.0
25|,4|,0.0054070291378792434
25|,0|25,0.21568627450980393
25|,15|25,0.2619047619047619
25|,31|25,1.0
25|,28|,0.004806248122559327
25|,5|,0.0030039050765995794
25|,26|25,1.0
25|,8|25,1.0
25|,18|25,1.0
25|,3|25,1.0
25|,24|,0.006908981676179033
25|,1|25,0.41025641025641024
25|,34|25,0.10752688172043011
25|,12|25,0.029925187032418952
25|,36|25,0.9615384615384616
25|,20|25,1.0
25|,17|25,1.0
25|,29|25,0.7532467532467533
25|,2|25,1.0
25|,6|25,1.0
25|,23|25,1.0
25|,22|25,1.0
25|,7|,0.005707419645539201
25|,32|25,1.0
25|,11|25,0.21739130434782608
25|,37|,0.3442475217783118
25|,10|25,1.0
25|,30|,0.007810153199158907
12|11,37|,0.65
12|11,25|,0.35
18|36,37|18,1.0
12|36.7,37|,1.0
12|37.1,36|,0.055970149253731345
12|37.1,15|12,0.05223880597014925
12|37.1,37|,0.6902985074626866
12|37.1,29|,0.0708955223880597
12|37.1,31|,0.041044776119402986
12|37.1,25|,0.08955223880597014
3|12.36,24|3,1.0
12|37.13,37|,0.7741935483870968
12|37.13,31|,0.12258064516129032
12|37.13,25|,0.1032258064516129
20|36,6|20,1.0
37|6,12|37.6,0.22085889570552147
1|12,25|1.12,1.0
1|12,36|1,0.16292134831460675
1|12,29|1,0.2696629213483146
1|12,12|1,0.10112359550561797
1|12,37|1,0.38764044943820225
2|33,26|2,1.0
36|8,12|36.8,0.2127659574468085
27|36,37|27,1.0
15|12.36,37|15,0.56
15|12.36,0|15,0.44
0|,36|0,0.5698924731182796
0|,21|,0.31950207468879666
0|,20|,0.024896265560165973
0|,37|0,1.0
0|,25|,0.02627939142461964
0|,15|0,1.0
0|,19|,0.019363762102351315
0|,12|0,0.29508196721311475
21|,0|21,0.2708333333333333
21|,25|21,1.0
21|,37|21,1.0
21|,15|,0.045098039215686274
21|,36|21,1.0
21|,12|21,1.0
12|36.31,37|,1.0
3|25,24|3,1.0
13|36,37|13,1.0
1|25,29|1,0.41025641025641024
1|25,37|1,0.5897435897435898
28|22.34,37|28,0.7162162162162162
28|22.34,12|28,0.28378378378378377
29|12.36,1|29,1.0
12|25,13|12.25,1.0
12|25,18|,0.029925187032418952
12|25,36|,0.12219451371571072
12|25,3|12,0.029925187032418952
12|25,10|,0.04239401496259352
12|25,37|,0.4837905236907731
12|25,34|12,0.04488778054862843
12|25,15|12,0.029925187032418952
12|25,29|12.25,1.0
12|25,2|12,0.02743142144638404
12|25,31|,0.029925187032418952
12|25,19|12,0.02743142144638404
12|25,11|12,0.02743142144638404
21|15.12,0|21,0.6862745098039216
21|15.12,37|21,0.3137254901960784
12|36.29,37|,1.0
17|32,36|17,0.13333333333333333
17|32,25|17,0.25217391304347825
17|32,37|17,0.4260869565217391
17|32,12|17,0.18840579710144928
36|28,12|36.28,1.0
9|36,37|9,1.0
22|25,28|22.25,1.0
19|36,37|19,1.0
12|37.4,37|,0.6524822695035462
12|37.4,36|,0.09929078014184398
12|37.4,25|,0.07801418439716312
12|37.4,23|,0.07801418439716312
12|37.4,8|,0.09219858156028368
15|0,21|15.0,0.2857142857142857
17|12,32|17,0.4852941176470588
17|12,36|17,0.125
17|12,37|17,0.25735294117647056
17|12,12|17,0.1323529411764706
27|12,37|27,1.0
12|25.34,37|,1.0
18|31,7|18,1.0
36|0,12|36.0,0.46875
36|0,15|36.0,1.0
36|0,21|36,0.20430107526881722
19|25,20|19,1.0
12|36.9,25|12.36,0.09482758620689655
12|36.9,9|,0.10344827586206896
12|36.9,36|12.36,0.1896551724137931
12|36.9,37|,0.6120689655172413
12|37.16,37|,0.7439024390243902
12|37.16,8|,0.25609756097560976
25|13,37|,0.6296296296296297
25|13,11|25,0.37037037037037035
4|,37|4,1.0
4|,25|4,0.28205128205128205
4|,36|4,1.0
4|,10|4,1.0
4|,12|4,1.0
4|,30|4,1.0
7|12.31,25|7,0.3076923076923077
7|12.31,18|7,0.3076923076923077
7|12.31,37|7,0.38461538461538464
16|36,37|16,1.0
28|,37|28,1.0
28|,34|28,0.22777777777777777
28|,12|28,1.0
28|,22|28,1.0
28|,36|28,1.0
36|19,20|36,0.28
36|19,12|36.19,1.0
3|24.12,27|,1.0
12|37.34,22|12,0.11333333333333333
12|37.34,37|,0.6933333333333334
12|37.34,2|12,0.09333333333333334
12|37.34,25|,0.1
12|26,37|,1.0
20|12,12|20,0.1686746987951807
20|12,36|20,0.15060240963855423
20|12,19|,0.12048192771084337
20|12,37|20,0.2710843373493976
20|12,6|20.12,0.6052631578947368
25|3,24|,1.0
0|12,36|0,0.1759656652360515
0|12,21|0.12,1.0
0|12,12|0,0.1888412017167382
0|12,15|0,0.19313304721030042
0|12,37|0,0.2918454935622318
12|37,3|12,0.009698020972955926
12|37,24|12,0.00409997634629031
12|37,36|,0.07971300165575967
12|37,13|,0.009737443822439486
12|37,26|12.37,1.0
12|37,25|,0.06611211858393125
12|37,9|,0.03366711345896081
12|37,29|,0.00827879839154774
12|37,18|,0.009855712370890168
12|37,28|12,0.0009461483876054561
12|37,10|,0.011235512102814791
12|37,23|,0.004967279034928645
12|37,5|,0.0014586454308917448
12|37,30|12,0.0022865252700465188
12|37,15|12,0.0105259008121107
12|37,34|12,0.00646534731530395
12|37,0|12,0.00705669005755736
12|37,33|12,0.0024836395174643224
12|37,20|12,0.004454781991642356
12|37,21|12,0.0010249940865725774
12|37,19|12,0.008673026886383347
12|37,6|12,0.001931719624694473
12|37,22|12,0.00760860995032721
12|37,8|,0.032090199479618386
12|37,32|,0.012615311834739415
12|37,31|,0.01636048253567768
12|37,16|12,0.0019711424741780336
12|37,4|12.37,1.0
12|37,37|,0.6135378065126548
12|37,7|,0.004178822045257431
12|37,1|12.37,0.2597402597402597
12|37,17|12,0.0040211306473231885
12|37,27|12,0.0009461483876054561
12|37,2|12,0.010171095166758654
12|37,11|12,0.0050067018844122055
25|7,37|,0.6341463414634146
25|7,36|25,0.21951219512195122
25|7,12|25,0.14634146341463414
26|12,2|26,0.26865671641791045
26|12,37|26,0.22388059701492538
26|12,12|26,0.16417910447761194
26|12,33|26.12,1.0
36|27,12|36.27,1.0
12|3,24|12,1.0
36|34,22|36,0.30158730158730157
36|34,12|36.34,1.0
22|12,34|22,0.06637168141592921
22|12,12|22,0.07964601769911504
22|12,28|22.12,0.1
36|20,12|36.20,1.0
12|,3|12,0.08196721311475409
12|,36|,0.08481815962899683
12|,13|,0.012417622650720038
12|,25|,0.06577983890651697
12|,9|,0.03206614596045887
12|,4|,0.002196729314132292
12|,23|,0.005217232121064193
12|,29|,0.01037344398340249
12|,1|12,0.2696629213483146
12|,18|,0.013149865755430803
12|,28|12,0.30303030303030304
12|,10|,0.010648035147669026
12|,5|,0.0016780571149621673
12|,30|12,0.23880597014925373
12|,20|12,0.2710843373493976
12|,34|12,0.19004524886877827
12|,0|12,0.1888412017167382
12|,33|12,0.22857142857142856
12|,26|12,0.34328358208955223
12|,21|12,0.2558139534883721
12|,6|12,0.21333333333333335
12|,17|12,0.1323529411764706
12|,22|12,0.8539823008849557
12|,8|,0.030021967293141324
12|,32|,0.012875274591164266
12|,31|,0.015926287527459115
12|,27|12,1.0
12|,37|,0.5886014156700025
12|,24|12,0.20353982300884957
12|,7|,0.005613863802782524
12|,15|12,0.0975609756097561
12|,19|12,0.10714285714285714
12|,16|12,0.36363636363636365
12|,2|12,0.04953560371517028
12|,11|12,0.16666666666666666
0|36.15,21|,1.0
29|31,1|29,1.0
31|7,12|31,1.0
11|,12|11,0.35
11|,18|,0.09219858156028368
11|,37|11,1.0
11|,13|,0.13652482269503546
11|,36|11,1.0
11|,0|,0.024822695035460994
11|,25|11,0.27631578947368424
20|,12|20,1.0
20|,36|20,1.0
20|,19|,0.09733124018838304
20|,37|20,1.0
20|,6|20,0.17123287671232876
20|,25|,0.0282574568288854
21|15.36,37|21,1.0
12|36.28,37|,1.0
12|6,37|,1.0
25|12.13,37|,1.0
25|12.36,37|,0.5855855855855856
25|12.36,36|25,0.17117117117117117
25|12.36,12|25,0.24324324324324326
6|19.12,20|6,1.0
26|,33|,0.6187739463601533
26|,37|26,1.0
26|,36|,0.05172413793103448
26|,12|26,1.0
26|,2|26,0.37037037037037035
26|,25|,0.03065134099616858
12|0,37|,0.7049180327868853
12|0,21|12,0.29508196721311475
12|16,37|,1.0
6|20.25,37|6,0.3611111111111111
6|20.25,19|6,0.6388888888888888
30|10.36,4|,1.0
12|36.27,37|,1.0
21|15.0,37|21,0.7142857142857143
21|15.0,12|21,0.2857142857142857
37|18,12|37.18,0.11363636363636363
22|36,28|,0.6666666666666666
22|36,37|22,0.3333333333333333
5|16,23|5.16,1.0
12|28,37|,1.0
36|33,12|36.33,1.0
34|,12|34,0.2702702702702703
34|,22|34,1.0
34|,37|34,1.0
34|,28|34,0.42857142857142855
34|,25|34,0.25
34|,36|34,0.6984126984126984
19|,37|19,1.0
19|,6|,0.1454248366013072
19|,20|19,1.0
19|,12|19,0.2608695652173913
19|,36|19,0.72
19|,25|,0.027777777777777776
12|37.0,37|,0.7090909090909091
12|37.0,25|,0.1
12|37.0,36|,0.1
12|37.0,15|12,0.09090909090909091
12|37.24,37|,0.8115942028985508
12|37.24,3|12,0.18840579710144928
19|20.6,37|19,1.0
15|25,21|,0.2619047619047619
15|25,0|15,0.7380952380952381
34|22,28|34,1.0
36|31,12|36.31,1.0
12|9,37|,0.8118811881188119
12|9,36|,0.18811881188118812
5|,16|,0.6052631578947368
5|,36|,0.05263157894736842
5|,37|5,1.0
5|,12|,0.07236842105263158
5|,23|,0.10855263157894737
6|20.12,37|6,0.39473684210526316
6|20.12,19|6,0.6052631578947368
12|37.10,37|,0.7872340425531915
12|37.10,30|12,0.2127659574468085
12|37.30,37|,0.8625
12|37.30,8|,0.1375
12|36.33,37|,1.0
28|22.25,34|28,1.0
18|25,37|18,1.0
37|10,12|37.10,0.2127659574468085
12|37.20,37|,0.6203703703703703
12|37.20,36|,0.18518518518518517
12|37.20,9|,0.19444444444444445
26|2.25,33|,1.0
12|36.16,37|,1.0
12|30,37|,1.0
17|12.36,32|17,1.0
12|36.18,37|,1.0
37|33,12|37.33,0.09009009009009009
12|37.19,37|,0.674074074074074
12|37.19,9|,0.2074074074074074
12|37.19,36|,0.11851851851851852
37|34,12|37.34,0.11333333333333333
30|4,10|30,1.0
25|34.12,37|,1.0
28|22.12,37|28,0.2111111111111111
28|22.12,34|28,0.6888888888888889
28|22.12,12|28,0.1
0|15,36|0,0.07329842931937172
0|15,21|,0.8691099476439791
0|15,12|0,0.05759162303664921
12|21,37|,1.0
19|9,20|19,1.0
12|15.12,0|12,1.0
12|37.32,37|,0.8602150537634409
12|37.32,36|,0.13978494623655913
12|37.7,37|,0.6458333333333334
12|37.7,31|,0.125
12|37.7,18|,0.125
12|37.7,36|,0.10416666666666667
25|1.12,29|25,1.0
25|16,37|,1.0
1|12.36,37|1,1.0
12|10,37|,1.0
1|36,37|1,1.0
16|,25|16,1.0
16|,36|16,1.0
16|,37|16,1.0
16|,23|,0.043731778425655975
16|,12|16,1.0
16|,5|16,1.0
37|27,12|37.27,0.1092896174863388
26|12.37,2|26,1.0
32|17,37|32,0.6770833333333334
32|17,12|32,0.1875
32|17,36|32,0.13541666666666666
25|30,37|,1.0
37|20,12|37.20,0.19444444444444445
8|36,37|8,1.0
12|33,37|,0.8412698412698413
12|33,3|12,0.15873015873015872
32|36,17|32,1.0
17|36,37|17,1.0
23|,5|23,0.90625
23|,36|,0.0670926517571885
23|,37|23,1.0
23|,12|,0.051118210862619806
23|,16|23,1.0
27|3.12,24|27,1.0
12|37.33,3|12,0.09009009009009009
12|37.33,36|,0.05855855855855856
12|37.33,37|,0.7252252252252253
12|37.33,2|12,0.05405405405405406
12|37.33,25|,0.07207207207207207
36|9,12|36.9,0.1896551724137931
36|18,7|,0.16
36|18,12|36.18,1.0
25|34,37|,0.5833333333333334
25|34,12|25.34,1.0
25|34,22|25,0.16666666666666666
12|1,37|,0.8461538461538461
12|1,29|,0.15384615384615385
36|17,12|36.17,1.0
11|13,12|11,0.21951219512195122
11|13,37|11,0.35365853658536583
11|13,36|11,0.10365853658536585
11|13,25|11,0.3231707317073171
36|13,12|36.13,1.0
11|18,37|11,1.0
25|2,26|25,1.0
33|12,26|33,0.17142857142857143
33|12,37|33,0.35714285714285715
33|12,2|33,0.24285714285714285
33|12,12|33,0.22857142857142856
5|23,16|,0.90625
5|23,37|5,0.09375
37|4,12|37.4,0.09219858156028368
36|11,12|36.11,1.0
12|34.28,37|,1.0
12|37.28,37|,0.8672566371681416
12|37.28,25|,0.13274336283185842
13|11.12,37|13,1.0
36|7,12|36.7,1.0
6|20,25|6,0.10273972602739725
6|20,36|6,0.1232876712328767
6|20,12|6,0.17123287671232876
6|20,37|6,0.4315068493150685
6|20,19|6,0.17123287671232876
12|37.2,37|,1.0
2|25,26|2.25,1.0
12|36.20,37|,1.0
17|,36|17,1.0
17|,25|17,0.30526315789473685
17|,37|17,1.0
17|,12|17,0.14473684210526316
17|,32|17,0.1875
6|25,20|6,1.0
37|26,12|37.26,1.0
34|28,12|34.28,1.0
34|28,37|34,0.45
34|28,25|34,0.2222222222222222
34|28,36|34,0.1
7|,25|7,0.14634146341463414
7|,31|7,1.0
7|,18|7,0.4166666666666667
7|,36|7,1.0
7|,37|7,1.0
7|,12|7,0.38636363636363635
30|12,10|30,0.3283582089552239
30|12,4|,0.23880597014925373
30|12,37|30,0.43283582089552236
37|7,12|37.7,0.10416666666666667
10|25,30|10.25,0.2619047619047619
12|37.23,37|,0.7708333333333334
12|37.23,8|,0.22916666666666666
33|2.12,26|33,1.0
6|,25|6,1.0
6|,19|6,0.2413793103448276
6|,20|6,0.16049382716049382
6|,36|6,0.8113207547169812
6|,37|6,1.0
6|,12|6,1.0
16|12,37|16,0.6363636363636364
16|12,5|16,0.36363636363636365
25|29,1|25,1.0
11|12,13|11.12,1.0
11|12,25|11.12,1.0
11|12,18|,0.1111111111111111
11|12,37|11,0.24537037037037038
11|12,12|11,0.16666666666666666
11|12,36|11,0.12037037037037036
37|5,12|37.5,0.30303030303030304
37|2,12|37.2,1.0
23|36,5|23,1.0
12|36.11,37|,1.0
25|4,37|,0.717948717948718
25|4,12|25,0.28205128205128205
12|36.17,37|,1.0
15|36,0|15,0.25
15|36,36|15,0.22916666666666666
15|36,21|15.36,1.0
36|26.2,33|,1.0
31|25,12|31,1.0
37|11,12|37.11,0.07518796992481203
12|36,9|,0.03831514843948237
12|36,11|12.36,1.0
12|36,13|,0.01801573204770363
12|36,18|12.36,0.4166666666666667
12|36,32|,0.017254503933011926
12|36,3|12.36,1.0
12|36,4|,0.0030449124587668104
12|36,28|12,0.002537427048972342
12|36,10|,0.008373509261608729
12|36,23|,0.005074854097944684
12|36,20|12,0.0076122811469170265
12|36,15|12.36,0.44
12|36,30|12,0.0030449124587668104
12|36,36|12.36,1.0
12|36,34|12,0.007358538442019792
12|36,33|12,0.002537427048972342
12|36,26|12,0.0032986551636640447
12|36,29|12.36,1.0
12|36,17|12.36,1.0
12|36,6|12,0.0040598832783557475
12|36,22|12,0.007358538442019792
12|36,8|,0.031210352702359806
12|36,31|,0.016493275818320222
12|36,0|12.36,1.0
12|36,7|,0.004313625983252981
12|36,24|12,0.002791169753869576
12|36,37|,0.5364120781527532
12|36,25|12.36,0.24324324324324326
12|36,19|12,0.01623953311342299
12|36,1|12.36,1.0
12|36,21|12,0.004567368688150216
12|36,2|12,0.0096422227860949
25|21,37|,1.0
8|25,37|8,1.0
2|26,33|,0.37037037037037035
2|26,37|2,0.6296296296296297
24|,27|,0.5020661157024794
24|,3|,0.0640495867768595
24|,36|,0.11363636363636363
24|,12|,0.04132231404958678
24|,37|24,1.0
24|,25|,0.04338842975206612
12|36.13,37|,1.0
36|2,12|36,0.42857142857142855
36|2,26|36,0.5714285714285714
12|36.1,37|,1.0
34|25,37|34,0.23655913978494625
34|25,22|34,0.3978494623655914
34|25,28|34,0.12903225806451613
34|25,12|34,0.12903225806451613
34|25,36|34,0.10752688172043011
3|12,36|3,0.04918032786885246
3|12,12|3,0.08196721311475409
3|12,24|3,0.5639344262295082
3|12,27|3.12,1.0
3|12,25|3,0.04918032786885246
3|12,37|3,0.09508196721311475
24|3,36|24.3,1.0
24|3,27|,0.8305785123966942
24|3,37|24,0.10330578512396695
12|25.11,37|,1.0
25|12.7,37|,1.0
12|37.5,37|,0.696969696969697
12|37.5,8|,0.30303030303030304
8|,12|8,0.1348314606741573
8|,9|,0.015340364333652923
8|,36|8,1.0
8|,37|8,1.0
8|,32|,0.012464046021093002
8|,23|,0.011505273250239693
8|,25|,0.015340364333652923
22|34,28|22.34,0.28378378378378377
2|12,36|2,0.04643962848297214
2|12,37|2,0.06501547987616099
2|12,33|2.12,1.0
2|12,25|2,0.043343653250773995
2|12,12|2,0.04953560371517028
2|12,26|2,0.7430340557275542
32|25,17|32.25,0.20833333333333334
12|8,37|,0.7415730337078652
12|8,36|,0.1348314606741573
12|8,25|,0.12359550561797752
18|7,25|18,0.4166666666666667
18|7,37|18,0.5833333333333334
1|12.37,36|1,0.2597402597402597
1|12.37,29|1,0.45454545454545453
1|12.37,37|1,0.2857142857142857
20|19,6|20,1.0
12|36.0,37|,0.53125
12|36.0,36|12.36,0.46875
29|12.25,1|29,1.0
21|12,37|21,0.7441860465116279
21|12,12|21,0.2558139534883721
12|27,37|,1.0
26|2,33|,0.7911764705882353
26|2,37|26,0.10588235294117647
26|2,12|26,0.047058823529411764
26|2,36|26.2,1.0
36|3,24|,1.0
12|36.6,37|,1.0
12|37.17,37|,0.93125
12|37.17,36|,0.06875
25|6,37|,1.0
33|,37|33,1.0
33|,2|33,1.0
33|,25|33,1.0
33|,36|33,1.0
33|,26|33,0.4166666666666667
33|,12|33,0.15873015873015872
28|34,37|28,0.5714285714285714
28|34,22|28,0.42857142857142855
16|37,37|16,1.0
36|24.3,27|36,1.0
10|30,37|10,1.0
22|,12|22,1.0
22|,36|,0.030800821355236138
22|,37|22,1.0
22|,28|,0.7453798767967146
22|,34|22,1.0
22|,25|,0.024640657084188913
11|36,37|11,1.0
36|4,12|36.4,1.0
29|1,37|,0.6065573770491803
29|1,36|29,0.21311475409836064
29|1,12|29,0.18032786885245902
12|36.8,37|,0.6595744680851063
12|36.8,36|12.36,0.2127659574468085
12|36.8,8|,0.1276595744680851
37|16,12|37.16,0.25609756097560976
19|6,12|19,0.2413793103448276
19|6,37|19,0.7586206896551724
28|12,37|28,0.3333333333333333
28|12,34|28,0.30303030303030304
28|12,22|28,0.36363636363636365
37|32,12|37.32,0.13978494623655913
25|1.29,37|,1.0
31|,37|,0.2066115702479339
31|,18|31,1.0
31|,36|31,1.0
31|,7|,0.024793388429752067
31|,29|31,1.0
31|,12|31,0.04142011834319527
31|,25|,0.03471074380165289
15|12,0|15,0.4847560975609756
15|12,36|15,0.06707317073170732
15|12,12|15.12,1.0
15|12,37|15,0.11585365853658537
15|12,21|15.12,0.6862745098039216
15|12,25|,0.04573170731707317
25|11.12,37|,1.0
37|23,12|37.23,0.22916666666666666
12|2,26|12,1.0
12|7,37|,0.6136363636363636
12|7,25|12.7,1.0
37|9,12|37.9,0.18566176470588236
20|12.19,6|20.12,1.0
36|21,12|36.21,1.0
12|37.27,10|,0.18032786885245902
12|37.27,37|,0.6174863387978142
12|37.27,36|,0.1092896174863388
12|37.27,25|,0.09289617486338798
6|12,20|6,0.3466666666666667
6|12,36|6,0.13333333333333333
6|12,37|6,0.30666666666666664
6|12,19|6,0.21333333333333335
20|6,37|20,0.5432098765432098
20|6,19|20.6,1.0
20|6,12|20,0.16049382716049382
1|12.29,37|1,1.0
36|15,0|36.15,1.0
36|15,12|36,0.6829268292682927
23|25,5|23,1.0
29|25,37|,0.24675324675324675
29|25,1|29.25,0.2553191489361702
16|23,37|16,1.0
37|19,12|37.19,0.11851851851851852
36|6,19|36,0.18867924528301888
36|6,12|36.6,1.0
37|8,12|37.8,0.01864406779661017
4|12.37,10|4,1.0
12|36.25,25|12.36,0.06091370558375635
12|36.25,36|12.36,0.15736040609137056
12|36.25,13|,0.06598984771573604
12|36.25,37|,0.7157360406091371
15|,21|,0.26533996683250416
15|,0|15,0.05759162303664921
15|,36|15,0.6829268292682927
15|,12|,0.09618573797678276
15|,19|,0.026533996683250415
15|,37|15,1.0
15|,25|,0.028192371475953566
26|33,2|26,0.4166666666666667
26|33,37|26,0.5833333333333334
2|,36|2,0.42857142857142855
2|,33|,0.06525911708253358
2|,25|2,1.0
2|,12|2,1.0
2|,37|2,1.0
2|,26|2,0.047058823529411764
18|12.31,7|18,0.7580645161290323
18|12.31,37|18,0.24193548387096775
12|37.3,37|,1.0
12|19,37|,0.7391304347826086
12|19,20|12.19,1.0
25|36,37|,0.6619718309859155
25|36,36|25,0.15492957746478872
25|36,12|25,0.18309859154929578
13|11.25,37|13,1.0
30|,12|30,1.0
30|,37|30,1.0
30|,10|30,1.0
30|,4|,0.4745762711864407
30|,25|30,1.0
30|,36|30,0.5714285714285714
37|1,12|37.1,0.041044776119402986
27|,24|27,1.0
27|,25|27,1.0
27|,3|,0.0275
27|,36|27,1.0
27|,37|27,1.0
27|,12|27,1.0
12|37.9,18|,0.025735294117647058
12|37.9,0|12,0.02389705882352941
12|37.9,9|,0.18566176470588236
12|37.9,37|,0.5404411764705882
12|37.9,36|,0.15625
12|37.9,32|,0.042279411764705885
12|37.9,25|,0.025735294117647058
36|,1|36,1.0
36|,10|36,1.0
36|,15|36,0.22916666666666666
36|,8|36,1.0
36|,22|36,0.6666666666666666
36|,33|,0.004329856327494588
36|,32|36,1.0
36|,17|36,1.0
36|,4|,0.004329856327494588
36|,20|36,1.0
36|,11|36,1.0
36|,29|36,0.6153846153846154
36|,9|36,1.0
36|,27|36,1.0
36|,12|36,0.008880994671403197
36|,0|,0.009643770911237946
36|,13|36,1.0
36|,24|,0.004723479629994096
36|,3|,0.0068884077937413895
36|,18|36,1.0
36|,23|36,1.0
36|,6|36,1.0
36|,2|36,1.0
36|,26|36,1.0
36|,31|,0.0027553631174965557
36|,7|,0.005313914583743358
36|,34|,0.003148986419996064
36|,19|36,1.0
36|,16|36,1.0
36|,28|,0.002361739814997048
36|,25|36,0.18309859154929578
36|,30|,0.004133044676244833
36|,21|36,1.0
13|,12|13,0.1827956989247312
13|,18|,0.018121911037891267
13|,25|13,0.37037037037037035
13|,36|13,1.0
13|,11|13,0.21951219512195122
13|,37|13,1.0
25|17,37|,0.5473684210526316
25|17,12|25.17,1.0
25|17,36|25,0.14736842105263157
7|18,25|7,0.27388535031847133
7|18,36|7,0.21019108280254778
7|18,37|7,0.29936305732484075
7|18,12|7,0.21656050955414013
12|34,37|,0.581081081081081
12|34,22|12,0.2702702702702703
12|34,25|,0.14864864864864866
12|36.34,37|,1.0
37|17,12|37.17,0.06875
16|25,37|16,1.0
0|25,36|0,0.29411764705882354
0|25,15|0,0.23529411764705882
0|25,21|,0.2549019607843137
0|25,12|0,0.21568627450980393
37|3,12|37.3,1.0
12|20,37|,1.0
12|22,28|12,1.0
20|25,6|20.25,0.6388888888888888
37|21,12|37.21,0.045871559633027525
29|12.31,1|29,1.0
23|5.16,37|23,1.0
26|25,33|,1.0
13|12.25,37|13,1.0
27|24.12,37|27,1.0
30|10.25,12|30,0.2619047619047619
30|10.25,4|,0.7380952380952381
12|37.15,37|,1.0
11|12.36,37|11,1.0
3|,27|,0.16598360655737704
3|,25|3,1.0
3|,24|3,0.06611570247933884
3|,36|3,1.0
3|,37|3,1.0
3|,12|3,1.0
36|16,12|36.16,1.0
33|26.12,37|33,1.0
36|32,12|36,0.6382978723404256
36|32,17|36,0.3617021276595745
26|36,33|,1.0
0|21,12|0,0.2708333333333333
0|21,37|0,0.7291666666666666
12|36.4,37|,1.0
12|18,37|,0.7435897435897436
12|18,25|,0.2564102564102564
24|27,37|24,1.0
36|1,12|36.1,1.0
25|27,37|,1.0
12|17,37|,0.8552631578947368
12|17,25|,0.14473684210526316
21|36,37|21,1.0
12|37.18,37|,0.7045454545454546
12|37.18,31|,0.08333333333333333
12|37.18,36|,0.11363636363636363
12|37.18,25|,0.09848484848484848
15|36.0,21|15.36,1.0
12|25.17,37|,1.0
12|37.26,37|,1.0
19|12,37|19,0.12987012987012986
19|12,20|19,0.461038961038961
19|12,6|19.12,1.0
19|12,12|19,0.10714285714285714
19|12,36|19,0.09415584415584416
19|12,25|,0.03571428571428571
12|36.19,37|,1.0
12|4,37|,1.0
36|29,1|36,0.18181818181818182
36|29,12|36.29,1.0
